nombre,precio_venta,precio_compra,id_categoria,codigo_barras,codigo_interno,id_empresa,sevende_por,maneja_inventarios,maneja_multiprecios
Eco Cable 1,157.98,100.9,10,779617278885,INT-0001,1,GRANEL,true,false
Nuevo Brocha 2,459.97,249.26,1,779983019305,INT-0002,1,UNIDAD,false,true
Mega Sierra 3,314.53,161.27,4,779580110505,INT-0003,1,LITRO,true,false
Rojo Cinta 4,372.25,187.01,2,779497793833,INT-0004,1,GRANEL,true,false
Usado Taladro 5,480.06,370.05,2,779472665789,INT-0005,1,LITRO,false,false
Super Llave 6,492.75,340.91,9,779334209271,INT-0006,1,GRANEL,true,true
Eco Martillo 7,436.96,238.28,4,779460821167,INT-0007,1,UNIDAD,false,false
Blanco Arandela 8,132.24,73.69,8,779233082094,INT-0008,1,GRANEL,true,false
Gran Sierra 9,25.31,18.28,6,779441758756,INT-0009,1,UNIDAD,true,true
Mega Sierra 10,479.95,361.28,5,779985337673,INT-0010,1,LITRO,false,true
Especial Manguera 11,403.64,301.69,2,779414941819,INT-0011,1,UNIDAD,true,false
Gran Taladro 12,132.71,66.99,10,779416822005,INT-0012,1,LITRO,true,true
Verde Martillo 13,346.63,275.04,7,779268077476,INT-0013,1,LITRO,true,true
Gran Cable 14,136.87,102.87,1,779929982973,INT-0014,1,GRANEL,true,true
Gran Lija 15,443.81,251.3,6,779440036154,INT-0015,1,GRANEL,true,true
Max Cemento 16,97.54,57.0,9,779665965329,INT-0016,1,UNIDAD,false,false
Negro Lija 17,378.98,226.35,7,779242243930,INT-0017,1,GRANEL,true,false
Rojo Tornillo 18,201.55,152.42,6,779986408161,INT-0018,1,UNIDAD,false,false
Super Martillo 19,113.47,67.1,7,779277667333,INT-0019,1,GRANEL,false,true
Eco Cemento 20,300.75,197.84,6,779421509405,INT-0020,1,GRANEL,false,true
Azul Cemento 21,113.54,79.31,7,779495212919,INT-0021,1,LITRO,true,true
Mega Pintura 22,252.66,192.13,3,779970345727,INT-0022,1,UNIDAD,true,false
Especial Pintura 23,301.97,162.93,4,779200758386,INT-0023,1,LITRO,false,false
Verde Clavo 24,124.94,63.27,4,779134072442,INT-0024,1,LITRO,true,false
Verde Manguera 25,71.26,54.96,2,779205054216,INT-0025,1,GRANEL,true,true
Verde Martillo 26,38.2,23.58,3,779770909637,INT-0026,1,GRANEL,false,true
Negro Tubo 27,447.03,257.82,6,779363206607,INT-0027,1,LITRO,false,false
Gran Taladro 28,317.58,167.01,10,779423579787,INT-0028,1,GRANEL,true,true
Super Brocha 29,388.01,247.03,6,779479504405,INT-0029,1,LITRO,false,true
Usado Brocha 30,357.46,188.86,9,779748558918,INT-0030,1,UNIDAD,false,true
Rojo Cinta 31,391.28,243.34,1,779993525116,INT-0031,1,UNIDAD,true,false
Negro Tornillo 32,210.79,125.71,6,779635664843,INT-0032,1,UNIDAD,true,true
Nuevo Sierra 33,309.77,244.01,3,779932848818,INT-0033,1,GRANEL,false,true
Especial Lija 34,402.43,281.09,4,779923215310,INT-0034,1,GRANEL,true,true
Especial Tubo 35,362.97,185.7,10,779609910774,INT-0035,1,UNIDAD,true,true
Rojo Martillo 36,82.07,53.11,9,779534624421,INT-0036,1,LITRO,false,true
Nuevo Tubo 37,442.5,343.25,4,779326613600,INT-0037,1,LITRO,true,true
Azul Pintura 38,238.44,177.43,6,779549775646,INT-0038,1,GRANEL,false,false
Gran Cinta 39,36.07,18.86,1,779385587570,INT-0039,1,UNIDAD,false,false
Especial Cemento 40,263.6,182.52,2,779397366101,INT-0040,1,UNIDAD,true,true
Blanco Manguera 41,303.91,176.97,6,779377750578,INT-0041,1,UNIDAD,false,true
Super Tuerca 42,452.04,317.09,3,779607123677,INT-0042,1,UNIDAD,false,false
Eco Clavo 43,268.59,185.59,4,779600119086,INT-0043,1,LITRO,false,true
Blanco Llave 44,33.97,26.59,4,779366616555,INT-0044,1,UNIDAD,true,true
Negro Manguera 45,169.34,91.72,7,779207693484,INT-0045,1,GRANEL,false,false
Azul Cinta 46,166.85,130.53,9,779535517818,INT-0046,1,UNIDAD,false,false
Usado Cable 47,18.53,9.44,1,779422492287,INT-0047,1,LITRO,true,false
Eco Manguera 48,305.98,231.2,8,779388192277,INT-0048,1,UNIDAD,false,false
Blanco Taladro 49,363.57,277.81,9,779892446149,INT-0049,1,LITRO,true,false
Verde Clavo 50,146.48,100.83,7,779761459757,INT-0050,1,GRANEL,true,true
Rojo Cinta 51,196.33,141.06,8,779933222935,INT-0051,1,GRANEL,true,false
Mega Martillo 52,88.33,50.63,10,779932739601,INT-0052,1,LITRO,false,true
Blanco Manguera 53,140.75,78.57,8,779831760565,INT-0053,1,GRANEL,true,true
Mega Taladro 54,271.48,200.21,8,779667543181,INT-0054,1,GRANEL,true,true
Pequeño Arandela 55,121.55,77.48,7,779982391953,INT-0055,1,LITRO,true,false
Eco Tornillo 56,381.28,267.61,7,779387018719,INT-0056,1,GRANEL,true,true
Rojo Arandela 57,456.59,243.24,10,779359662303,INT-0057,1,GRANEL,true,true
Negro Taladro 58,434.51,273.66,4,779985836870,INT-0058,1,GRANEL,true,false
Pequeño Cinta 59,238.92,160.45,4,779592801445,INT-0059,1,LITRO,true,true
Verde Martillo 60,128.29,81.63,7,779514858403,INT-0060,1,LITRO,true,false
Nuevo Manguera 61,341.23,270.31,1,779948924003,INT-0061,1,GRANEL,true,false
Gran Brocha 62,434.87,295.59,8,779244930181,INT-0062,1,UNIDAD,true,false
Ultra Brocha 63,468.6,328.11,2,779408395131,INT-0063,1,GRANEL,false,false
Rojo Martillo 64,44.73,34.0,9,779630996095,INT-0064,1,LITRO,false,false
Ultra Martillo 65,49.25,26.4,1,779880398167,INT-0065,1,UNIDAD,true,false
Ultra Tuerca 66,318.04,202.44,6,779571969891,INT-0066,1,UNIDAD,true,true
Blanco Cable 67,307.28,176.96,8,779851617973,INT-0067,1,UNIDAD,false,true
Eco Pintura 68,74.36,52.7,6,779333942718,INT-0068,1,GRANEL,true,false
Pequeño Tubo 69,131.47,97.19,1,779347808598,INT-0069,1,UNIDAD,false,true
Ultra Cinta 70,425.8,221.29,6,779742310857,INT-0070,1,GRANEL,true,false
Verde Tornillo 71,483.95,381.96,2,779464881133,INT-0071,1,LITRO,false,true
Negro Cinta 72,118.06,92.84,3,779537367004,INT-0072,1,GRANEL,true,false
Especial Cemento 73,358.81,254.31,8,779334196967,INT-0073,1,UNIDAD,false,true
Negro Cable 74,70.9,40.03,8,779530433313,INT-0074,1,LITRO,true,true
Mega Brocha 75,221.59,156.17,5,779560509744,INT-0075,1,GRANEL,false,true
Blanco Cemento 76,27.18,15.0,1,779388714722,INT-0076,1,UNIDAD,true,false
Ultra Pintura 77,298.86,226.43,2,779260569118,INT-0077,1,UNIDAD,false,true
Nuevo Tubo 78,308.37,192.08,2,779725332009,INT-0078,1,UNIDAD,false,false
Ultra Lija 79,51.4,31.99,4,779319451416,INT-0079,1,GRANEL,true,true
Especial Cable 80,457.92,257.98,6,779513944269,INT-0080,1,LITRO,false,false
Nuevo Pintura 81,303.43,164.57,10,779905930536,INT-0081,1,UNIDAD,true,false
Gran Pintura 82,461.15,358.31,9,779151319611,INT-0082,1,LITRO,true,false
Max Tornillo 83,195.24,116.6,7,779154255627,INT-0083,1,LITRO,false,true
Azul Tubo 84,160.11,105.29,2,779560791238,INT-0084,1,UNIDAD,true,false
Rojo Cinta 85,311.92,179.47,7,779759699542,INT-0085,1,UNIDAD,true,false
Nuevo Tubo 86,487.47,297.26,6,779702781808,INT-0086,1,LITRO,false,true
Gran Tubo 87,212.41,128.84,9,779350347065,INT-0087,1,LITRO,true,true
Gran Pintura 88,403.86,221.06,8,779144617983,INT-0088,1,GRANEL,false,true
Gran Pintura 89,412.61,266.69,5,779315388137,INT-0089,1,LITRO,false,false
Pequeño Tornillo 90,146.97,91.92,7,779341124186,INT-0090,1,LITRO,true,true
Gran Llave 91,138.16,71.67,5,779211165837,INT-0091,1,UNIDAD,false,false
Rojo Llave 92,353.38,194.84,1,779403815693,INT-0092,1,GRANEL,true,false
Ultra Cemento 93,124.51,85.6,6,779573834358,INT-0093,1,LITRO,true,true
Eco Manguera 94,406.53,309.45,4,779477550873,INT-0094,1,GRANEL,true,false
Nuevo Taladro 95,250.64,183.41,1,779177487132,INT-0095,1,UNIDAD,false,true
Pequeño Llave 96,238.21,168.63,6,779988486259,INT-0096,1,UNIDAD,false,true
Negro Clavo 97,125.82,99.49,10,779725809329,INT-0097,1,GRANEL,true,true
Gran Arandela 98,413.86,296.3,3,779357606158,INT-0098,1,UNIDAD,true,false
Eco Lija 99,441.76,305.73,1,779780278816,INT-0099,1,UNIDAD,false,false
Ultra Taladro 100,242.72,161.77,6,779415185205,INT-0100,1,LITRO,false,false
Especial Tornillo 101,391.36,266.93,10,779815339412,INT-0101,1,LITRO,true,false
Nuevo Cable 102,44.17,31.69,5,779473935956,INT-0102,1,UNIDAD,false,true
Usado Brocha 103,406.47,248.04,4,779174037384,INT-0103,1,LITRO,true,true
Max Clavo 104,487.27,310.58,4,779558413753,INT-0104,1,LITRO,true,false
Usado Martillo 105,472.95,313.61,5,779946596588,INT-0105,1,GRANEL,true,false
Especial Brocha 106,483.15,287.2,2,779878732887,INT-0106,1,UNIDAD,true,true
Azul Pintura 107,290.14,198.14,9,779192165345,INT-0107,1,UNIDAD,true,false
Max Cemento 108,309.12,230.73,1,779618745544,INT-0108,1,UNIDAD,false,true
Rojo Cable 109,60.38,40.37,6,779958504046,INT-0109,1,UNIDAD,true,true
Pequeño Arandela 110,283.47,209.67,1,779130717524,INT-0110,1,UNIDAD,true,true
Especial Taladro 111,160.0,126.4,3,779718598972,INT-0111,1,GRANEL,false,true
Verde Arandela 112,200.95,120.42,8,779306598166,INT-0112,1,UNIDAD,true,false
Mega Manguera 113,134.06,103.69,6,779195287068,INT-0113,1,UNIDAD,false,false
Negro Tubo 114,113.2,66.94,9,779378104382,INT-0114,1,UNIDAD,false,false
Super Martillo 115,365.52,285.35,2,779262467157,INT-0115,1,GRANEL,false,true
Gran Lija 116,490.66,267.35,4,779922126717,INT-0116,1,LITRO,true,true
Super Martillo 117,431.27,267.66,6,779826152706,INT-0117,1,UNIDAD,true,false
Especial Pintura 118,441.51,258.33,4,779122482626,INT-0118,1,UNIDAD,false,false
Eco Tubo 119,198.02,111.44,6,779516251480,INT-0119,1,LITRO,true,true
Max Manguera 120,202.49,108.21,10,779891100820,INT-0120,1,UNIDAD,false,false
Nuevo Brocha 121,177.28,127.96,10,779504737783,INT-0121,1,GRANEL,false,false
Blanco Arandela 122,109.29,81.27,8,779533753097,INT-0122,1,UNIDAD,true,false
Blanco Cable 123,53.97,39.65,4,779362476721,INT-0123,1,LITRO,true,false
Blanco Manguera 124,118.81,93.31,9,779917370355,INT-0124,1,LITRO,true,true
Eco Pintura 125,37.59,25.03,4,779267848459,INT-0125,1,LITRO,true,true
Especial Lija 126,78.03,61.22,8,779921310947,INT-0126,1,UNIDAD,false,false
Rojo Cable 127,284.4,159.26,2,779387278293,INT-0127,1,UNIDAD,false,true
Gran Llave 128,209.25,140.68,10,779950443935,INT-0128,1,UNIDAD,false,true
Mega Brocha 129,21.01,14.09,1,779330919647,INT-0129,1,UNIDAD,false,false
Ultra Cemento 130,197.64,148.31,9,779930317468,INT-0130,1,GRANEL,true,true
Gran Sierra 131,359.32,255.83,2,779741743251,INT-0131,1,UNIDAD,false,true
Ultra Cemento 132,422.19,246.05,6,779646529824,INT-0132,1,LITRO,false,true
Especial Cemento 133,279.74,155.75,6,779631449578,INT-0133,1,UNIDAD,true,true
Mega Taladro 134,218.5,170.79,6,779624900567,INT-0134,1,UNIDAD,true,false
Ultra Cemento 135,51.66,33.83,4,779550133390,INT-0135,1,UNIDAD,false,false
Verde Sierra 136,242.01,175.43,3,779336934564,INT-0136,1,GRANEL,true,false
Ultra Cemento 137,120.16,74.62,2,779313723818,INT-0137,1,LITRO,true,true
Pequeño Cemento 138,124.45,65.36,9,779276571545,INT-0138,1,LITRO,false,false
Gran Tornillo 139,430.06,325.79,4,779168562598,INT-0139,1,LITRO,false,false
Blanco Cemento 140,40.35,25.19,10,779585708908,INT-0140,1,LITRO,true,false
Eco Sierra 141,216.3,163.63,2,779663566713,INT-0141,1,UNIDAD,false,true
Eco Arandela 142,325.88,179.12,8,779771496901,INT-0142,1,LITRO,false,false
Gran Lija 143,77.01,58.4,3,779589782423,INT-0143,1,LITRO,false,false
Max Llave 144,32.44,25.38,2,779559482006,INT-0144,1,UNIDAD,false,true
Eco Clavo 145,472.12,347.89,10,779433982802,INT-0145,1,GRANEL,false,true
Max Manguera 146,359.42,207.42,5,779344296804,INT-0146,1,LITRO,false,true
Usado Sierra 147,357.28,260.75,1,779908693368,INT-0147,1,UNIDAD,true,true
Mega Brocha 148,266.05,186.85,2,779845862208,INT-0148,1,GRANEL,false,false
Gran Martillo 149,264.9,196.5,5,779503637487,INT-0149,1,LITRO,false,true
Azul Clavo 150,68.55,35.2,10,779650796345,INT-0150,1,UNIDAD,false,false
Nuevo Brocha 151,81.2,50.6,9,779381406158,INT-0151,1,UNIDAD,true,false
Pequeño Manguera 152,239.07,122.06,7,779820199702,INT-0152,1,LITRO,true,false
Super Taladro 153,284.21,176.1,2,779949691974,INT-0153,1,GRANEL,true,false
Especial Lija 154,271.63,186.59,7,779762683123,INT-0154,1,UNIDAD,true,false
Mega Tuerca 155,32.21,19.33,7,779435568728,INT-0155,1,GRANEL,true,false
Verde Tubo 156,293.08,220.44,1,779563326644,INT-0156,1,LITRO,false,false
Mega Pintura 157,232.52,132.67,8,779619575794,INT-0157,1,LITRO,false,false
Rojo Tubo 158,401.38,255.88,6,779908224394,INT-0158,1,UNIDAD,false,true
Eco Cable 159,411.33,277.62,3,779900968657,INT-0159,1,UNIDAD,true,false
Especial Llave 160,64.37,47.49,5,779515828176,INT-0160,1,LITRO,false,false
Blanco Martillo 161,301.42,219.31,6,779723763110,INT-0161,1,UNIDAD,false,true
Nuevo Tuerca 162,429.19,323.27,2,779137636309,INT-0162,1,LITRO,false,true
Mega Taladro 163,434.5,346.71,9,779369761413,INT-0163,1,UNIDAD,true,true
Verde Pintura 164,165.87,110.21,10,779925906317,INT-0164,1,UNIDAD,true,true
Especial Tuerca 165,313.01,195.97,5,779703234097,INT-0165,1,GRANEL,true,true
Ultra Cable 166,24.96,19.28,4,779899198673,INT-0166,1,UNIDAD,false,false
Max Llave 167,116.78,75.74,9,779690142261,INT-0167,1,GRANEL,true,true
Mega Manguera 168,129.17,65.54,10,779713486974,INT-0168,1,UNIDAD,true,false
Verde Lija 169,389.02,207.41,10,779668223339,INT-0169,1,GRANEL,true,false
Verde Sierra 170,95.08,62.39,2,779136785343,INT-0170,1,GRANEL,false,false
Negro Martillo 171,91.67,50.07,5,779415231682,INT-0171,1,LITRO,true,true
Usado Cinta 172,51.28,26.59,1,779241122244,INT-0172,1,GRANEL,false,true
Rojo Tornillo 173,79.62,43.92,1,779198140456,INT-0173,1,LITRO,false,true
Verde Lija 174,238.82,185.04,10,779384570886,INT-0174,1,GRANEL,true,false
Pequeño Sierra 175,29.65,16.14,6,779801417050,INT-0175,1,GRANEL,true,false
Pequeño Sierra 176,455.48,295.68,8,779809468143,INT-0176,1,GRANEL,true,true
Pequeño Cemento 177,358.1,183.75,9,779339744354,INT-0177,1,GRANEL,true,true
Rojo Tornillo 178,223.29,141.36,3,779228980764,INT-0178,1,LITRO,false,false
Ultra Clavo 179,462.59,244.94,2,779280922384,INT-0179,1,LITRO,false,false
Azul Martillo 180,218.0,123.84,9,779455156375,INT-0180,1,GRANEL,false,false
Nuevo Taladro 181,148.75,99.76,3,779518633228,INT-0181,1,LITRO,true,true
Gran Cinta 182,201.43,128.8,2,779887322062,INT-0182,1,LITRO,true,false
Pequeño Brocha 183,433.66,220.39,6,779435725867,INT-0183,1,UNIDAD,true,false
Gran Taladro 184,395.51,257.95,9,779692024254,INT-0184,1,UNIDAD,true,false
Rojo Cinta 185,81.15,49.56,4,779266622824,INT-0185,1,LITRO,true,false
Rojo Sierra 186,276.95,146.29,7,779656127577,INT-0186,1,UNIDAD,true,true
Negro Cable 187,331.76,200.36,5,779366176574,INT-0187,1,UNIDAD,false,true
Nuevo Martillo 188,341.12,219.16,9,779880806425,INT-0188,1,GRANEL,false,false
Especial Sierra 189,421.19,293.58,2,779836673078,INT-0189,1,LITRO,false,false
Pequeño Lija 190,13.02,10.09,7,779791288020,INT-0190,1,LITRO,false,true
Ultra Pintura 191,22.64,11.32,4,779344567958,INT-0191,1,LITRO,false,false
Rojo Tornillo 192,285.0,206.72,4,779495718711,INT-0192,1,GRANEL,true,false
Nuevo Brocha 193,166.45,92.61,2,779254666910,INT-0193,1,UNIDAD,true,true
Blanco Cable 194,154.13,114.79,7,779484049206,INT-0194,1,UNIDAD,false,false
Blanco Tuerca 195,13.36,7.26,1,779183278640,INT-0195,1,GRANEL,true,false
Ultra Lija 196,62.14,36.93,6,779455767135,INT-0196,1,LITRO,false,false
Usado Tubo 197,289.75,201.66,2,779316271297,INT-0197,1,UNIDAD,false,true
Usado Martillo 198,448.78,250.3,9,779986154332,INT-0198,1,GRANEL,false,true
Super Lija 199,67.21,34.83,7,779812766722,INT-0199,1,UNIDAD,false,false
Ultra Llave 200,473.74,366.98,8,779562318153,INT-0200,1,UNIDAD,false,true
Rojo Cinta 201,338.71,232.42,4,779768094942,INT-0201,1,LITRO,false,true
Pequeño Brocha 202,344.78,217.95,10,779848042956,INT-0202,1,UNIDAD,false,false
Pequeño Cemento 203,222.12,175.08,9,779925698500,INT-0203,1,UNIDAD,false,true
Mega Tornillo 204,312.32,227.68,5,779501417025,INT-0204,1,LITRO,false,true
Verde Llave 205,181.14,95.3,3,779324091026,INT-0205,1,LITRO,false,true
Super Lija 206,449.6,335.2,8,779505257892,INT-0206,1,UNIDAD,true,false
Blanco Tuerca 207,58.59,31.18,4,779915246257,INT-0207,1,UNIDAD,false,true
Especial Llave 208,66.03,48.96,5,779275427314,INT-0208,1,UNIDAD,false,false
Verde Tornillo 209,155.79,96.04,6,779705552400,INT-0209,1,GRANEL,false,true
Ultra Sierra 210,119.98,82.09,1,779180816030,INT-0210,1,LITRO,false,false
Eco Cable 211,457.57,275.34,8,779159903710,INT-0211,1,LITRO,false,false
Max Llave 212,410.06,209.91,8,779387876380,INT-0212,1,GRANEL,false,true
Verde Pintura 213,256.41,180.3,8,779527241472,INT-0213,1,GRANEL,false,false
Azul Pintura 214,355.08,186.26,4,779905017162,INT-0214,1,GRANEL,true,false
Especial Tubo 215,135.15,79.46,7,779598762470,INT-0215,1,UNIDAD,true,true
Eco Tornillo 216,498.71,272.71,9,779227047514,INT-0216,1,LITRO,false,true
Gran Cemento 217,50.97,32.5,10,779872810830,INT-0217,1,GRANEL,true,true
Ultra Manguera 218,51.2,32.51,2,779834653960,INT-0218,1,LITRO,true,false
Azul Martillo 219,373.7,248.66,2,779800988778,INT-0219,1,LITRO,false,false
Eco Llave 220,275.11,197.13,2,779307234901,INT-0220,1,UNIDAD,false,false
Blanco Martillo 221,176.48,139.42,5,779584048834,INT-0221,1,GRANEL,false,false
Usado Clavo 222,244.49,130.34,2,779736855659,INT-0222,1,LITRO,true,true
Blanco Tuerca 223,326.1,193.18,8,779492644249,INT-0223,1,LITRO,false,true
Ultra Cinta 224,481.55,242.1,2,779537343645,INT-0224,1,UNIDAD,true,false
Azul Clavo 225,466.12,291.94,1,779425400937,INT-0225,1,UNIDAD,true,false
Verde Brocha 226,137.66,103.54,7,779639050391,INT-0226,1,GRANEL,true,true
Negro Tubo 227,358.5,260.82,2,779129675504,INT-0227,1,UNIDAD,true,true
Gran Cemento 228,130.41,82.62,6,779851296633,INT-0228,1,UNIDAD,true,true
Verde Tuerca 229,254.49,159.32,6,779790974113,INT-0229,1,UNIDAD,true,true
Usado Lija 230,333.61,247.47,2,779225602108,INT-0230,1,LITRO,true,false
Verde Arandela 231,293.37,174.51,9,779462798352,INT-0231,1,UNIDAD,true,false
Gran Tornillo 232,361.27,263.61,8,779260719690,INT-0232,1,GRANEL,false,true
Eco Cinta 233,290.15,178.76,9,779928983713,INT-0233,1,UNIDAD,true,false
Blanco Tornillo 234,449.51,273.46,2,779674107698,INT-0234,1,UNIDAD,false,false
Azul Arandela 235,19.91,14.48,4,779977588232,INT-0235,1,GRANEL,true,true
Ultra Sierra 236,265.89,193.19,2,779553892788,INT-0236,1,LITRO,true,false
Especial Lija 237,42.66,23.15,5,779946805480,INT-0237,1,UNIDAD,false,true
Mega Cinta 238,142.29,86.96,5,779114875189,INT-0238,1,LITRO,true,true
Blanco Clavo 239,362.75,234.72,4,779621817374,INT-0239,1,GRANEL,false,true
Negro Cinta 240,61.94,49.31,5,779433972772,INT-0240,1,GRANEL,false,true
Azul Arandela 241,384.57,294.6,8,779666106962,INT-0241,1,GRANEL,false,false
Negro Cemento 242,450.48,292.9,10,779117557687,INT-0242,1,GRANEL,true,true
Super Pintura 243,232.53,131.93,4,779198943210,INT-0243,1,LITRO,true,false
Azul Martillo 244,486.48,368.86,1,779398733836,INT-0244,1,LITRO,true,false
Mega Tubo 245,208.71,110.2,5,779799249284,INT-0245,1,GRANEL,false,true
Pequeño Pintura 246,423.23,302.28,10,779751640134,INT-0246,1,GRANEL,false,false
Pequeño Brocha 247,352.08,254.98,3,779424816154,INT-0247,1,GRANEL,true,false
Eco Manguera 248,74.32,39.08,5,779196240514,INT-0248,1,UNIDAD,true,true
Super Martillo 249,113.67,80.22,9,779763464894,INT-0249,1,GRANEL,false,true
Max Tuerca 250,280.13,147.4,10,779398343034,INT-0250,1,GRANEL,true,true
Nuevo Martillo 251,82.54,60.36,4,779240415082,INT-0251,1,GRANEL,false,true
Especial Clavo 252,54.59,31.58,5,779585742457,INT-0252,1,GRANEL,false,false
Nuevo Cable 253,222.57,167.47,9,779996627900,INT-0253,1,LITRO,true,false
Eco Martillo 254,296.73,185.89,2,779407300738,INT-0254,1,UNIDAD,true,true
Nuevo Arandela 255,393.89,239.16,9,779422376377,INT-0255,1,GRANEL,false,false
Super Tubo 256,370.6,192.83,2,779714101241,INT-0256,1,GRANEL,false,false
Ultra Cable 257,485.54,353.13,6,779224888818,INT-0257,1,GRANEL,true,true
Verde Clavo 258,342.13,229.66,3,779402107687,INT-0258,1,UNIDAD,true,false
Max Martillo 259,11.6,6.0,1,779401437963,INT-0259,1,GRANEL,false,true
Pequeño Clavo 260,475.77,275.2,9,779517630726,INT-0260,1,GRANEL,false,true
Nuevo Sierra 261,19.4,12.65,6,779300155904,INT-0261,1,LITRO,false,true
Pequeño Sierra 262,499.66,305.62,4,779837611413,INT-0262,1,GRANEL,true,false
Eco Lija 263,169.24,117.4,7,779823827514,INT-0263,1,GRANEL,false,false
Usado Cable 264,104.63,70.55,5,779714833778,INT-0264,1,UNIDAD,true,true
Especial Pintura 265,51.25,33.0,3,779943750337,INT-0265,1,LITRO,false,false
Mega Clavo 266,62.73,38.52,10,779839407012,INT-0266,1,UNIDAD,false,true
Gran Martillo 267,490.62,252.49,10,779562528208,INT-0267,1,LITRO,false,false
Ultra Taladro 268,291.53,213.67,8,779617340515,INT-0268,1,GRANEL,true,false
Gran Tornillo 269,311.35,176.46,5,779125544463,INT-0269,1,UNIDAD,true,false
Ultra Pintura 270,349.93,184.49,9,779882153241,INT-0270,1,LITRO,true,true
Max Cable 271,431.68,222.98,9,779352234079,INT-0271,1,UNIDAD,true,true
Pequeño Cable 272,118.02,81.75,10,779756753055,INT-0272,1,GRANEL,true,false
Azul Tornillo 273,343.76,209.72,2,779677814750,INT-0273,1,UNIDAD,true,true
Negro Taladro 274,425.11,243.62,2,779137236433,INT-0274,1,LITRO,true,true
Azul Sierra 275,284.29,204.45,2,779814263372,INT-0275,1,UNIDAD,false,true
Nuevo Brocha 276,340.51,201.68,9,779491273406,INT-0276,1,LITRO,true,false
Mega Clavo 277,264.9,134.4,2,779767025836,INT-0277,1,UNIDAD,false,true
Pequeño Cinta 278,392.01,221.45,6,779623766293,INT-0278,1,LITRO,false,true
Verde Llave 279,59.58,36.63,5,779272379081,INT-0279,1,GRANEL,true,false
Eco Sierra 280,338.0,206.99,10,779179162249,INT-0280,1,UNIDAD,false,false
Nuevo Cinta 281,404.2,314.96,8,779516709420,INT-0281,1,UNIDAD,false,false
Rojo Tubo 282,116.94,70.33,8,779870706164,INT-0282,1,GRANEL,true,false
Pequeño Taladro 283,44.28,28.73,3,779725693824,INT-0283,1,GRANEL,true,false
Eco Sierra 284,106.95,79.76,6,779163831060,INT-0284,1,LITRO,false,false
Usado Taladro 285,142.99,81.68,1,779635020011,INT-0285,1,UNIDAD,false,false
Usado Pintura 286,218.82,113.51,2,779547536729,INT-0286,1,GRANEL,true,false
Eco Sierra 287,379.96,299.29,1,779805747039,INT-0287,1,LITRO,true,false
Nuevo Taladro 288,176.0,117.26,5,779899515193,INT-0288,1,GRANEL,false,false
Ultra Llave 289,233.61,158.9,10,779732740939,INT-0289,1,GRANEL,false,false
Gran Cinta 290,22.75,13.26,4,779195527095,INT-0290,1,GRANEL,true,true
Max Cable 291,417.59,313.67,6,779888025057,INT-0291,1,GRANEL,true,false
Gran Lija 292,311.79,213.7,10,779730119753,INT-0292,1,UNIDAD,false,true
Ultra Tornillo 293,314.53,216.23,6,779836504270,INT-0293,1,GRANEL,true,false
Max Manguera 294,54.21,40.21,4,779114537220,INT-0294,1,LITRO,false,false
Ultra Brocha 295,15.65,11.02,8,779275241043,INT-0295,1,LITRO,false,false
Eco Tubo 296,232.22,161.87,5,779403771978,INT-0296,1,UNIDAD,false,false
Eco Llave 297,179.98,100.86,4,779537091111,INT-0297,1,LITRO,false,true
Azul Pintura 298,71.39,50.22,4,779213001847,INT-0298,1,UNIDAD,false,false
Rojo Lija 299,330.9,261.24,3,779260926488,INT-0299,1,LITRO,true,true
Eco Cable 300,148.01,86.53,8,779834532134,INT-0300,1,LITRO,false,false
Mega Pintura 301,247.1,148.16,1,779655187568,INT-0301,1,GRANEL,false,false
Verde Martillo 302,147.45,101.75,7,779131386470,INT-0302,1,UNIDAD,false,false
Negro Brocha 303,306.71,188.29,8,779345298989,INT-0303,1,LITRO,false,true
Usado Manguera 304,489.91,302.65,10,779915392432,INT-0304,1,LITRO,false,true
Super Arandela 305,337.06,209.89,10,779871951709,INT-0305,1,GRANEL,true,true
Negro Tornillo 306,31.88,17.72,8,779502283417,INT-0306,1,GRANEL,true,true
Negro Cable 307,381.76,213.49,5,779373794829,INT-0307,1,UNIDAD,true,false
Verde Manguera 308,380.23,283.81,2,779186261528,INT-0308,1,LITRO,true,true
Rojo Tubo 309,402.3,256.76,10,779623906127,INT-0309,1,UNIDAD,true,true
Max Tornillo 310,494.55,324.65,1,779297136382,INT-0310,1,LITRO,false,true
Blanco Llave 311,113.74,72.9,8,779773858457,INT-0311,1,UNIDAD,false,true
Azul Taladro 312,228.95,121.81,9,779695460302,INT-0312,1,LITRO,false,false
Negro Taladro 313,412.63,268.85,7,779873228923,INT-0313,1,UNIDAD,false,false
Ultra Taladro 314,82.05,60.49,7,779967524428,INT-0314,1,GRANEL,false,true
Max Manguera 315,207.44,148.22,1,779351691103,INT-0315,1,GRANEL,false,false
Super Sierra 316,142.36,94.16,8,779181018777,INT-0316,1,LITRO,true,true
Negro Llave 317,253.92,133.14,10,779816256418,INT-0317,1,LITRO,true,true
Gran Martillo 318,432.87,336.26,10,779124922523,INT-0318,1,UNIDAD,true,true
Gran Cable 319,484.13,269.54,2,779987199687,INT-0319,1,UNIDAD,false,true
Max Cemento 320,273.72,155.56,1,779726008612,INT-0320,1,LITRO,true,false
Nuevo Manguera 321,446.61,337.3,6,779602377654,INT-0321,1,UNIDAD,true,true
Blanco Sierra 322,89.77,47.68,9,779883502856,INT-0322,1,LITRO,true,true
Ultra Cinta 323,381.46,299.22,5,779720835912,INT-0323,1,GRANEL,true,false
Nuevo Llave 324,393.14,312.81,5,779350264954,INT-0324,1,UNIDAD,false,false
Rojo Clavo 325,251.78,157.17,5,779398726044,INT-0325,1,GRANEL,false,true
Blanco Cinta 326,245.37,139.34,2,779939820763,INT-0326,1,UNIDAD,true,true
Verde Taladro 327,131.53,76.48,3,779373532259,INT-0327,1,UNIDAD,true,true
Azul Manguera 328,379.89,191.08,4,779689461221,INT-0328,1,GRANEL,false,true
Blanco Clavo 329,385.37,212.79,7,779418897829,INT-0329,1,LITRO,false,false
Mega Brocha 330,216.93,108.96,8,779510496629,INT-0330,1,LITRO,true,false
Max Martillo 331,157.0,93.27,3,779114955933,INT-0331,1,LITRO,true,true
Eco Tubo 332,109.92,56.64,2,779603886228,INT-0332,1,UNIDAD,false,true
Super Martillo 333,171.22,98.15,10,779342397923,INT-0333,1,LITRO,false,true
Usado Pintura 334,176.51,133.5,8,779636218872,INT-0334,1,UNIDAD,false,false
Especial Arandela 335,215.35,169.55,10,779980337245,INT-0335,1,UNIDAD,false,false
Verde Cemento 336,93.06,48.17,10,779534628477,INT-0336,1,GRANEL,true,false
Pequeño Sierra 337,129.91,85.85,8,779407362869,INT-0337,1,UNIDAD,true,true
Especial Brocha 338,243.52,170.88,7,779236438221,INT-0338,1,UNIDAD,false,false
Rojo Llave 339,80.31,46.7,5,779652587227,INT-0339,1,LITRO,false,true
Usado Cemento 340,286.92,226.26,9,779515250288,INT-0340,1,LITRO,true,true
Max Cable 341,213.22,158.49,6,779291757025,INT-0341,1,UNIDAD,false,true
Usado Cable 342,46.11,28.59,6,779854236333,INT-0342,1,GRANEL,false,false
Rojo Sierra 343,179.91,114.48,1,779535822381,INT-0343,1,LITRO,false,false
Azul Cemento 344,252.66,167.75,3,779796112304,INT-0344,1,UNIDAD,true,false
Rojo Cable 345,118.63,92.69,10,779949291029,INT-0345,1,LITRO,true,true
Negro Tubo 346,240.35,135.92,5,779514951854,INT-0346,1,GRANEL,true,false
Gran Sierra 347,159.38,97.47,8,779966674969,INT-0347,1,UNIDAD,false,true
Usado Martillo 348,83.85,53.78,9,779873584307,INT-0348,1,UNIDAD,true,false
Blanco Cinta 349,371.98,245.86,2,779709690237,INT-0349,1,UNIDAD,true,false
Pequeño Brocha 350,496.98,370.76,9,779286104548,INT-0350,1,UNIDAD,false,false
Gran Lija 351,290.42,179.6,7,779968002180,INT-0351,1,LITRO,false,false
Ultra Cable 352,107.14,71.27,6,779450039262,INT-0352,1,LITRO,true,false
Mega Tornillo 353,403.76,256.36,8,779749887023,INT-0353,1,UNIDAD,false,true
Usado Clavo 354,53.62,42.05,7,779343769834,INT-0354,1,LITRO,false,true
Usado Brocha 355,122.78,79.62,6,779756430609,INT-0355,1,LITRO,false,true
Nuevo Arandela 356,100.56,58.17,1,779578282682,INT-0356,1,UNIDAD,true,true
Negro Brocha 357,179.09,119.83,1,779509554904,INT-0357,1,GRANEL,false,true
Eco Manguera 358,132.48,75.7,7,779682395318,INT-0358,1,UNIDAD,true,false
Max Tubo 359,392.83,202.49,3,779763605548,INT-0359,1,UNIDAD,true,false
Pequeño Pintura 360,71.04,55.62,7,779391859816,INT-0360,1,GRANEL,false,true
Mega Cinta 361,239.98,134.6,1,779850311821,INT-0361,1,GRANEL,false,false
Mega Clavo 362,132.15,83.32,6,779660539783,INT-0362,1,UNIDAD,false,false
Pequeño Tuerca 363,314.33,162.87,9,779727591710,INT-0363,1,LITRO,false,true
Ultra Martillo 364,63.1,36.16,8,779243112658,INT-0364,1,UNIDAD,true,true
Verde Martillo 365,375.43,270.83,2,779752960295,INT-0365,1,LITRO,true,false
Mega Arandela 366,497.05,344.9,8,779149995119,INT-0366,1,UNIDAD,true,false
Negro Brocha 367,322.24,246.33,2,779423635061,INT-0367,1,LITRO,false,true
Mega Llave 368,477.97,262.13,9,779321670165,INT-0368,1,GRANEL,true,true
Blanco Clavo 369,460.79,312.39,5,779991660377,INT-0369,1,UNIDAD,false,false
Usado Brocha 370,489.9,265.36,9,779686199569,INT-0370,1,GRANEL,false,false
Eco Arandela 371,490.0,283.7,10,779987544535,INT-0371,1,GRANEL,false,true
Azul Cinta 372,421.69,321.55,10,779616684853,INT-0372,1,LITRO,true,false
Max Clavo 373,236.59,155.22,4,779153066431,INT-0373,1,GRANEL,false,false
Ultra Tuerca 374,120.46,63.23,7,779923865593,INT-0374,1,LITRO,false,false
Super Manguera 375,83.41,59.84,1,779147436825,INT-0375,1,LITRO,true,false
Negro Lija 376,448.38,347.76,10,779124777651,INT-0376,1,GRANEL,false,false
Ultra Taladro 377,12.82,8.58,8,779182342738,INT-0377,1,UNIDAD,false,true
Mega Pintura 378,272.16,198.14,1,779839153021,INT-0378,1,UNIDAD,false,true
Negro Cemento 379,370.59,239.93,9,779182901461,INT-0379,1,UNIDAD,true,false
Azul Llave 380,205.91,113.33,2,779566696063,INT-0380,1,LITRO,false,true
Nuevo Martillo 381,44.11,24.81,3,779783305913,INT-0381,1,GRANEL,true,false
Eco Tornillo 382,416.81,271.55,4,779695198546,INT-0382,1,UNIDAD,false,true
Nuevo Manguera 383,373.82,259.08,10,779690500315,INT-0383,1,LITRO,false,true
Verde Clavo 384,315.08,160.35,5,779459006857,INT-0384,1,GRANEL,false,true
Especial Clavo 385,46.71,28.22,1,779138019786,INT-0385,1,LITRO,false,false
Eco Brocha 386,131.17,71.91,5,779461195564,INT-0386,1,GRANEL,true,false
Blanco Clavo 387,161.98,97.92,8,779921488403,INT-0387,1,UNIDAD,false,true
Usado Lija 388,281.45,185.68,4,779648973296,INT-0388,1,LITRO,true,false
Max Cemento 389,449.58,338.07,4,779124079063,INT-0389,1,LITRO,false,false
Ultra Lija 390,214.04,121.93,4,779146440280,INT-0390,1,GRANEL,true,false
Super Taladro 391,120.72,64.13,1,779389234637,INT-0391,1,LITRO,false,false
Pequeño Tubo 392,64.8,47.73,5,779247410913,INT-0392,1,UNIDAD,true,true
Pequeño Sierra 393,417.43,235.05,5,779146117146,INT-0393,1,GRANEL,false,true
Pequeño Manguera 394,83.3,49.98,2,779136971479,INT-0394,1,UNIDAD,true,false
Gran Pintura 395,483.78,310.65,3,779944896516,INT-0395,1,UNIDAD,true,false
Rojo Tuerca 396,23.65,18.55,8,779340547481,INT-0396,1,UNIDAD,false,false
Eco Lija 397,334.53,218.4,3,779481845795,INT-0397,1,UNIDAD,false,false
Pequeño Tornillo 398,236.32,146.23,1,779960008824,INT-0398,1,UNIDAD,true,true
Negro Arandela 399,499.18,266.33,5,779666545979,INT-0399,1,LITRO,true,false
Ultra Pintura 400,18.22,10.55,6,779787625268,INT-0400,1,GRANEL,false,true
Nuevo Clavo 401,22.25,12.9,8,779766008041,INT-0401,1,UNIDAD,false,true
Gran Cable 402,194.05,140.59,7,779458654701,INT-0402,1,UNIDAD,true,true
Rojo Clavo 403,443.59,245.07,9,779915169980,INT-0403,1,UNIDAD,true,true
Verde Martillo 404,208.07,118.8,9,779604118747,INT-0404,1,LITRO,false,true
Especial Martillo 405,104.4,77.96,10,779180560871,INT-0405,1,UNIDAD,true,false
Gran Lija 406,53.48,40.31,3,779945050171,INT-0406,1,GRANEL,true,false
Azul Cinta 407,122.39,65.94,1,779107076700,INT-0407,1,LITRO,false,false
Eco Lija 408,376.41,286.05,7,779626277817,INT-0408,1,LITRO,false,false
Gran Clavo 409,245.95,148.8,4,779518514647,INT-0409,1,GRANEL,true,true
Azul Clavo 410,374.83,281.32,4,779111428996,INT-0410,1,LITRO,true,false
Eco Cinta 411,375.93,293.37,9,779329729557,INT-0411,1,UNIDAD,true,true
Blanco Manguera 412,333.62,250.22,9,779510438694,INT-0412,1,LITRO,true,false
Mega Tubo 413,83.56,45.91,7,779402319193,INT-0413,1,LITRO,false,false
Ultra Manguera 414,65.69,48.89,8,779242546793,INT-0414,1,UNIDAD,false,true
Azul Sierra 415,44.99,23.92,6,779251343293,INT-0415,1,GRANEL,true,true
Rojo Martillo 416,459.37,344.61,4,779813760012,INT-0416,1,UNIDAD,false,true
Pequeño Pintura 417,288.5,190.28,3,779160820050,INT-0417,1,UNIDAD,true,false
Super Lija 418,458.84,323.06,9,779113547714,INT-0418,1,UNIDAD,false,true
Gran Cemento 419,284.49,151.85,10,779906267948,INT-0419,1,GRANEL,false,false
Blanco Taladro 420,377.4,255.71,4,779963673785,INT-0420,1,LITRO,true,false
Nuevo Cemento 421,257.22,175.17,1,779716112146,INT-0421,1,GRANEL,true,true
Especial Pintura 422,411.14,297.9,4,779189960334,INT-0422,1,GRANEL,false,true
Eco Taladro 423,408.85,252.17,2,779730116563,INT-0423,1,UNIDAD,false,false
Eco Cemento 424,455.0,234.16,2,779767915340,INT-0424,1,LITRO,true,false
Negro Cable 425,279.75,166.43,6,779480680237,INT-0425,1,LITRO,false,false
Usado Sierra 426,174.14,130.21,5,779578354393,INT-0426,1,UNIDAD,true,false
Usado Brocha 427,337.37,220.98,1,779882163065,INT-0427,1,UNIDAD,true,true
Especial Martillo 428,179.3,134.58,5,779123994680,INT-0428,1,GRANEL,false,true
Nuevo Taladro 429,52.8,38.86,5,779377026841,INT-0429,1,UNIDAD,false,false
Azul Taladro 430,105.0,80.1,10,779758748125,INT-0430,1,LITRO,true,true
Especial Clavo 431,269.2,168.07,6,779456909674,INT-0431,1,UNIDAD,false,true
Rojo Manguera 432,314.66,174.76,3,779706812640,INT-0432,1,GRANEL,false,false
Especial Tubo 433,207.56,127.13,8,779821749114,INT-0433,1,UNIDAD,false,true
Nuevo Sierra 434,372.18,189.94,2,779785944123,INT-0434,1,UNIDAD,false,false
Verde Cemento 435,194.86,103.84,5,779616225488,INT-0435,1,UNIDAD,false,true
Nuevo Lija 436,291.86,153.2,10,779432020838,INT-0436,1,UNIDAD,false,false
Max Arandela 437,187.43,124.92,3,779278454843,INT-0437,1,UNIDAD,false,true
Especial Cemento 438,307.48,190.59,8,779304171519,INT-0438,1,LITRO,true,true
Mega Pintura 439,133.87,92.98,2,779152277683,INT-0439,1,UNIDAD,true,true
Pequeño Cemento 440,294.37,230.77,9,779473025872,INT-0440,1,GRANEL,false,false
Eco Tornillo 441,226.5,149.4,10,779296807585,INT-0441,1,GRANEL,false,true
Negro Tornillo 442,295.94,176.05,10,779252118143,INT-0442,1,GRANEL,true,false
Mega Cable 443,437.71,292.42,4,779757165122,INT-0443,1,UNIDAD,false,false
Especial Tubo 444,276.86,179.71,5,779664798461,INT-0444,1,LITRO,false,true
Verde Tuerca 445,164.92,129.89,10,779182307927,INT-0445,1,LITRO,true,true
Pequeño Manguera 446,74.74,44.76,3,779819390508,INT-0446,1,LITRO,false,true
Verde Pintura 447,424.76,287.2,3,779936536948,INT-0447,1,UNIDAD,false,true
Rojo Lija 448,353.74,254.62,4,779137553765,INT-0448,1,UNIDAD,true,false
Blanco Taladro 449,488.75,365.01,4,779497591950,INT-0449,1,LITRO,false,true
Rojo Arandela 450,96.78,68.45,7,779139734977,INT-0450,1,GRANEL,false,false
Verde Cable 451,480.66,308.5,2,779607148134,INT-0451,1,UNIDAD,true,true
Ultra Cable 452,207.4,135.87,2,779164312954,INT-0452,1,UNIDAD,true,true
Negro Cable 453,360.5,259.66,5,779962416474,INT-0453,1,UNIDAD,true,true
Super Lija 454,311.4,204.44,1,779343557574,INT-0454,1,UNIDAD,true,false
Max Martillo 455,11.26,6.13,9,779557968084,INT-0455,1,GRANEL,false,false
Pequeño Tuerca 456,437.66,345.22,8,779413188636,INT-0456,1,LITRO,true,true
Especial Lija 457,53.0,37.86,3,779833854806,INT-0457,1,LITRO,false,true
Pequeño Clavo 458,69.75,53.82,3,779719902262,INT-0458,1,UNIDAD,false,true
Super Lija 459,306.71,226.97,2,779931520106,INT-0459,1,GRANEL,true,true
Max Manguera 460,475.85,268.99,2,779753231399,INT-0460,1,UNIDAD,false,true
Negro Brocha 461,268.22,147.37,8,779623914456,INT-0461,1,GRANEL,true,true
Mega Pintura 462,29.34,15.52,8,779340054074,INT-0462,1,GRANEL,false,false
Nuevo Cable 463,279.88,154.25,6,779564735378,INT-0463,1,LITRO,false,false
Gran Tubo 464,168.24,129.82,4,779827100645,INT-0464,1,LITRO,true,true
Super Llave 465,218.19,146.72,9,779905659576,INT-0465,1,LITRO,true,false
Gran Cinta 466,311.88,240.49,8,779856090814,INT-0466,1,LITRO,true,false
Rojo Manguera 467,254.17,166.53,3,779105352829,INT-0467,1,GRANEL,false,false
Azul Llave 468,77.07,48.12,5,779542327310,INT-0468,1,UNIDAD,false,false
Pequeño Tornillo 469,258.59,200.69,8,779962360044,INT-0469,1,UNIDAD,true,false
Gran Cable 470,398.73,199.39,2,779484225366,INT-0470,1,LITRO,false,true
Negro Manguera 471,176.61,124.77,9,779513022546,INT-0471,1,LITRO,false,false
Negro Tornillo 472,60.59,41.98,1,779961604993,INT-0472,1,UNIDAD,false,true
Verde Cemento 473,78.39,39.24,8,779963094441,INT-0473,1,GRANEL,false,true
Ultra Martillo 474,215.39,154.35,1,779222534952,INT-0474,1,GRANEL,true,false
Mega Tubo 475,233.58,154.06,7,779144358014,INT-0475,1,LITRO,true,true
Verde Tornillo 476,457.56,294.12,5,779332834708,INT-0476,1,LITRO,true,false
Rojo Taladro 477,74.35,44.97,6,779357867149,INT-0477,1,UNIDAD,false,true
Usado Tuerca 478,343.85,268.48,7,779738004852,INT-0478,1,LITRO,false,true
Gran Arandela 479,18.46,14.29,10,779560532273,INT-0479,1,GRANEL,false,false
Super Arandela 480,289.21,181.24,1,779212058399,INT-0480,1,LITRO,false,true
Rojo Brocha 481,63.49,36.39,2,779881621616,INT-0481,1,LITRO,true,false
Nuevo Llave 482,126.33,92.85,7,779676628068,INT-0482,1,LITRO,false,false
Blanco Llave 483,492.29,392.74,3,779911464011,INT-0483,1,LITRO,false,false
Blanco Cable 484,113.74,83.44,1,779179526065,INT-0484,1,UNIDAD,true,true
Max Sierra 485,117.44,82.28,6,779783295626,INT-0485,1,GRANEL,true,true
Usado Clavo 486,217.86,109.8,8,779730923166,INT-0486,1,LITRO,false,false
Verde Cemento 487,26.33,17.11,4,779466511448,INT-0487,1,LITRO,true,false
Especial Martillo 488,54.19,30.24,6,779340985683,INT-0488,1,UNIDAD,false,false
Blanco Cable 489,81.41,48.1,6,779183294225,INT-0489,1,LITRO,true,true
Blanco Lija 490,55.29,38.25,7,779978865732,INT-0490,1,LITRO,false,false
Blanco Llave 491,377.21,208.35,2,779237208309,INT-0491,1,GRANEL,true,false
Negro Cable 492,155.85,110.97,3,779276502862,INT-0492,1,UNIDAD,true,false
Pequeño Clavo 493,112.66,74.7,9,779650754959,INT-0493,1,UNIDAD,true,true
Gran Taladro 494,142.81,101.84,7,779895797476,INT-0494,1,GRANEL,true,true
Mega Cable 495,172.78,113.54,7,779782191304,INT-0495,1,UNIDAD,false,false
Mega Cemento 496,142.3,98.07,10,779424436758,INT-0496,1,UNIDAD,true,true
Rojo Cable 497,365.3,201.75,8,779775519007,INT-0497,1,LITRO,false,false
Azul Cable 498,406.79,294.53,3,779312712162,INT-0498,1,LITRO,true,true
Azul Martillo 499,382.23,215.23,6,779281906714,INT-0499,1,GRANEL,true,false
Especial Taladro 500,190.52,104.79,6,779862758753,INT-0500,1,UNIDAD,false,false
Max Clavo 501,128.52,90.63,7,779765118120,INT-0501,1,UNIDAD,true,true
Mega Martillo 502,236.48,168.86,9,779225527191,INT-0502,1,LITRO,false,true
Eco Martillo 503,107.06,83.34,10,779580129846,INT-0503,1,LITRO,true,false
Verde Tuerca 504,300.59,218.95,10,779408589549,INT-0504,1,UNIDAD,true,false
Azul Sierra 505,286.39,156.71,7,779602850366,INT-0505,1,LITRO,false,false
Blanco Llave 506,239.89,183.8,10,779714955084,INT-0506,1,GRANEL,false,true
Eco Arandela 507,209.79,137.51,3,779172402422,INT-0507,1,UNIDAD,true,true
Max Cable 508,167.92,96.76,5,779900124162,INT-0508,1,GRANEL,true,false
Eco Arandela 509,222.61,117.11,6,779714155408,INT-0509,1,LITRO,true,true
Super Sierra 510,39.94,21.96,5,779254865919,INT-0510,1,UNIDAD,true,false
Especial Cemento 511,480.98,375.88,3,779514094260,INT-0511,1,UNIDAD,false,true
Gran Clavo 512,357.75,202.62,10,779837698081,INT-0512,1,UNIDAD,true,true
Pequeño Cable 513,230.33,169.47,7,779466956848,INT-0513,1,UNIDAD,false,false
Gran Martillo 514,191.28,101.3,1,779380649954,INT-0514,1,UNIDAD,false,true
Eco Martillo 515,481.78,269.04,6,779446712551,INT-0515,1,LITRO,true,true
Nuevo Cemento 516,449.43,311.21,10,779363027592,INT-0516,1,GRANEL,false,false
Pequeño Taladro 517,132.11,96.89,2,779285953909,INT-0517,1,GRANEL,true,false
Nuevo Brocha 518,147.61,112.82,10,779765893360,INT-0518,1,UNIDAD,true,true
Max Sierra 519,221.57,165.4,4,779450474781,INT-0519,1,UNIDAD,true,true
Blanco Cemento 520,86.48,60.55,3,779148275236,INT-0520,1,UNIDAD,true,false
Negro Lija 521,234.68,151.31,1,779644623088,INT-0521,1,UNIDAD,true,true
Gran Tornillo 522,480.63,282.51,4,779903611761,INT-0522,1,GRANEL,false,true
Usado Lija 523,457.59,330.36,2,779438620349,INT-0523,1,GRANEL,false,false
Ultra Martillo 524,405.82,256.78,8,779550766882,INT-0524,1,UNIDAD,true,true
Super Arandela 525,93.93,52.86,6,779142090849,INT-0525,1,LITRO,false,true
Rojo Brocha 526,26.61,16.28,3,779252146853,INT-0526,1,GRANEL,true,true
Especial Tubo 527,274.35,159.92,7,779925907235,INT-0527,1,GRANEL,false,true
Especial Arandela 528,87.99,46.06,6,779883529260,INT-0528,1,UNIDAD,false,false
Blanco Pintura 529,74.14,41.09,9,779949935070,INT-0529,1,GRANEL,false,true
Especial Tubo 530,195.5,135.04,2,779199705193,INT-0530,1,GRANEL,true,true
Super Lija 531,203.83,156.06,3,779798761067,INT-0531,1,LITRO,false,true
Super Sierra 532,155.35,77.92,1,779939208486,INT-0532,1,UNIDAD,true,true
Usado Tornillo 533,290.44,170.91,10,779746964968,INT-0533,1,LITRO,false,false
Pequeño Tubo 534,11.5,7.17,8,779302978461,INT-0534,1,GRANEL,true,true
Negro Cemento 535,158.77,126.97,2,779793865506,INT-0535,1,UNIDAD,false,true
Blanco Tornillo 536,300.87,214.16,4,779936276183,INT-0536,1,GRANEL,false,true
Especial Arandela 537,244.41,137.71,8,779718778724,INT-0537,1,UNIDAD,true,false
Eco Clavo 538,413.77,234.78,6,779365058552,INT-0538,1,LITRO,true,false
Negro Cable 539,11.75,9.16,8,779323283990,INT-0539,1,UNIDAD,false,true
Azul Llave 540,436.3,254.04,3,779139665231,INT-0540,1,UNIDAD,false,false
Usado Clavo 541,93.98,69.78,8,779809338855,INT-0541,1,LITRO,false,false
Rojo Lija 542,444.64,317.47,5,779336494187,INT-0542,1,GRANEL,false,true
Nuevo Arandela 543,123.09,72.38,10,779483284510,INT-0543,1,GRANEL,false,true
Eco Llave 544,163.52,130.79,5,779694605540,INT-0544,1,GRANEL,false,false
Ultra Pintura 545,240.01,125.67,5,779274044993,INT-0545,1,UNIDAD,true,false
Blanco Cemento 546,190.92,139.46,3,779784666985,INT-0546,1,UNIDAD,true,false
Gran Pintura 547,286.76,146.23,9,779311377137,INT-0547,1,LITRO,false,false
Blanco Taladro 548,420.09,285.48,1,779703283634,INT-0548,1,GRANEL,false,true
Blanco Tornillo 549,439.53,264.34,10,779832992827,INT-0549,1,LITRO,false,false
Gran Cemento 550,480.45,270.89,7,779129136879,INT-0550,1,GRANEL,true,false
Gran Cinta 551,203.77,157.47,6,779579013113,INT-0551,1,UNIDAD,false,false
Verde Arandela 552,150.94,117.71,9,779751208392,INT-0552,1,UNIDAD,true,true
Gran Clavo 553,180.81,117.26,10,779836943335,INT-0553,1,UNIDAD,true,false
Super Arandela 554,239.44,160.67,4,779847599179,INT-0554,1,LITRO,false,false
Azul Tornillo 555,382.0,233.46,6,779793177432,INT-0555,1,GRANEL,false,true
Rojo Arandela 556,316.45,190.94,10,779115226839,INT-0556,1,GRANEL,false,true
Azul Pintura 557,388.77,212.2,2,779275179945,INT-0557,1,LITRO,false,false
Gran Sierra 558,485.49,347.63,2,779221700680,INT-0558,1,UNIDAD,false,true
Blanco Lija 559,497.37,250.88,5,779488732479,INT-0559,1,UNIDAD,true,false
Verde Lija 560,290.15,215.08,6,779331492325,INT-0560,1,UNIDAD,false,true
Max Cemento 561,300.56,184.31,5,779577389543,INT-0561,1,GRANEL,false,false
Ultra Tubo 562,245.76,135.78,7,779540681500,INT-0562,1,LITRO,true,false
Eco Lija 563,237.74,167.87,6,779800952117,INT-0563,1,UNIDAD,false,false
Verde Llave 564,410.76,207.68,10,779581499781,INT-0564,1,UNIDAD,false,false
Super Lija 565,329.59,236.14,10,779102816750,INT-0565,1,UNIDAD,true,true
Eco Cinta 566,263.01,171.1,2,779610949714,INT-0566,1,UNIDAD,false,true
Negro Brocha 567,88.79,64.93,4,779727999675,INT-0567,1,UNIDAD,true,true
Super Cinta 568,39.69,25.11,1,779781527781,INT-0568,1,UNIDAD,true,true
Verde Cemento 569,136.71,81.06,10,779121840578,INT-0569,1,LITRO,true,true
Azul Taladro 570,158.26,80.44,4,779712362057,INT-0570,1,UNIDAD,false,true
Eco Llave 571,96.63,49.28,10,779326427565,INT-0571,1,GRANEL,false,true
Verde Brocha 572,457.66,279.69,8,779446203124,INT-0572,1,LITRO,false,false
Blanco Arandela 573,236.32,136.6,9,779984691273,INT-0573,1,UNIDAD,false,false
Verde Pintura 574,183.48,104.87,5,779613415016,INT-0574,1,LITRO,true,false
Gran Clavo 575,141.1,80.9,6,779720562376,INT-0575,1,UNIDAD,false,true
Nuevo Arandela 576,412.92,244.76,10,779376876192,INT-0576,1,UNIDAD,true,true
Gran Tuerca 577,24.39,12.8,7,779932510655,INT-0577,1,UNIDAD,true,true
Ultra Arandela 578,10.4,6.57,9,779573959438,INT-0578,1,GRANEL,false,false
Eco Arandela 579,309.0,209.14,6,779105926691,INT-0579,1,GRANEL,true,false
Gran Cinta 580,234.87,158.47,5,779544624045,INT-0580,1,LITRO,true,false
Ultra Arandela 581,439.74,241.54,8,779723054335,INT-0581,1,UNIDAD,true,true
Rojo Tuerca 582,53.61,40.77,8,779149653214,INT-0582,1,LITRO,false,true
Usado Tornillo 583,320.17,242.07,7,779902314023,INT-0583,1,GRANEL,true,true
Pequeño Taladro 584,413.51,310.16,6,779650725694,INT-0584,1,LITRO,true,true
Pequeño Arandela 585,407.25,243.96,10,779952714140,INT-0585,1,UNIDAD,true,false
Nuevo Martillo 586,136.04,69.4,9,779257248463,INT-0586,1,UNIDAD,false,false
Negro Brocha 587,15.47,8.44,4,779318147768,INT-0587,1,UNIDAD,true,false
Eco Arandela 588,433.09,330.3,1,779486930213,INT-0588,1,GRANEL,true,false
Usado Tornillo 589,156.93,89.29,10,779907726967,INT-0589,1,LITRO,true,false
Super Cinta 590,398.46,241.24,7,779965911165,INT-0590,1,UNIDAD,true,false
Verde Clavo 591,246.42,156.67,9,779587068016,INT-0591,1,GRANEL,true,false
Blanco Llave 592,44.02,31.78,1,779849103360,INT-0592,1,UNIDAD,true,false
Blanco Cinta 593,60.56,38.24,5,779589298773,INT-0593,1,GRANEL,false,true
Usado Brocha 594,498.36,269.38,8,779605261623,INT-0594,1,UNIDAD,true,true
Super Llave 595,12.29,9.54,2,779516465855,INT-0595,1,LITRO,true,true
Max Lija 596,22.03,14.51,3,779469815170,INT-0596,1,LITRO,false,false
Nuevo Tubo 597,296.88,156.32,9,779908477882,INT-0597,1,GRANEL,false,false
Ultra Cable 598,103.1,64.83,1,779122636082,INT-0598,1,UNIDAD,true,true
Negro Cemento 599,223.89,140.97,2,779642880102,INT-0599,1,GRANEL,false,false
Max Arandela 600,158.61,89.33,7,779866250918,INT-0600,1,LITRO,true,true
Negro Cinta 601,486.69,257.09,7,779699951014,INT-0601,1,UNIDAD,true,false
Negro Manguera 602,420.85,229.22,1,779172596571,INT-0602,1,UNIDAD,false,true
Usado Llave 603,229.85,176.08,8,779354128089,INT-0603,1,UNIDAD,false,true
Especial Cable 604,245.04,164.7,2,779799747068,INT-0604,1,GRANEL,true,false
Azul Tubo 605,126.04,90.32,8,779376527417,INT-0605,1,GRANEL,true,false
Nuevo Taladro 606,28.75,15.65,8,779311973236,INT-0606,1,LITRO,true,false
Especial Tubo 607,274.43,169.39,7,779848420709,INT-0607,1,GRANEL,true,true
Super Tubo 608,173.87,107.34,3,779264862246,INT-0608,1,UNIDAD,false,true
Nuevo Arandela 609,99.97,79.12,8,779803152140,INT-0609,1,GRANEL,false,false
Especial Tornillo 610,356.91,244.71,2,779995561331,INT-0610,1,GRANEL,true,true
Negro Lija 611,312.29,183.16,4,779987262149,INT-0611,1,LITRO,false,true
Negro Tornillo 612,313.71,213.94,1,779503924170,INT-0612,1,UNIDAD,false,true
Mega Manguera 613,97.68,76.73,7,779126000838,INT-0613,1,LITRO,true,false
Azul Tuerca 614,275.24,144.8,3,779727250389,INT-0614,1,UNIDAD,false,false
Blanco Pintura 615,410.93,254.3,10,779375201198,INT-0615,1,GRANEL,true,false
Nuevo Sierra 616,147.66,111.86,9,779532611704,INT-0616,1,LITRO,true,false
Gran Cinta 617,124.75,83.0,5,779821378429,INT-0617,1,LITRO,true,false
Pequeño Lija 618,377.69,233.51,5,779731896141,INT-0618,1,GRANEL,true,true
Verde Brocha 619,63.05,38.32,5,779731428089,INT-0619,1,LITRO,false,true
Mega Lija 620,343.11,270.26,1,779320361431,INT-0620,1,LITRO,true,false
Mega Sierra 621,384.55,234.83,3,779398667237,INT-0621,1,UNIDAD,false,false
Pequeño Cinta 622,474.77,352.3,7,779203118043,INT-0622,1,UNIDAD,true,true
Azul Manguera 623,108.69,60.05,10,779870393541,INT-0623,1,UNIDAD,false,false
Negro Sierra 624,78.22,47.73,5,779223892414,INT-0624,1,UNIDAD,false,true
Negro Clavo 625,362.57,226.95,5,779544351839,INT-0625,1,UNIDAD,false,true
Negro Lija 626,231.92,148.19,4,779777211510,INT-0626,1,GRANEL,false,true
Usado Manguera 627,451.01,225.64,4,779792383960,INT-0627,1,GRANEL,false,true
Max Martillo 628,472.04,276.7,5,779232600681,INT-0628,1,GRANEL,true,false
Usado Tuerca 629,483.03,293.56,1,779438212224,INT-0629,1,GRANEL,true,true
Negro Tornillo 630,104.54,69.07,7,779516862694,INT-0630,1,UNIDAD,true,false
Especial Tuerca 631,180.6,120.62,8,779188996408,INT-0631,1,LITRO,true,false
Ultra Pintura 632,495.47,306.02,5,779226789481,INT-0632,1,LITRO,false,false
Negro Tuerca 633,225.92,141.24,7,779980455870,INT-0633,1,LITRO,false,true
Pequeño Lija 634,239.26,150.46,2,779451007102,INT-0634,1,LITRO,false,false
Mega Tubo 635,497.89,395.89,4,779125092300,INT-0635,1,UNIDAD,true,true
Ultra Manguera 636,35.24,19.33,9,779488210263,INT-0636,1,LITRO,true,true
Especial Taladro 637,405.6,249.62,5,779881690414,INT-0637,1,GRANEL,false,false
Rojo Pintura 638,378.36,255.59,5,779153154166,INT-0638,1,GRANEL,true,true
Super Tornillo 639,72.5,42.59,7,779778916454,INT-0639,1,LITRO,true,false
Ultra Taladro 640,39.02,24.68,3,779949872148,INT-0640,1,UNIDAD,true,true
Blanco Arandela 641,183.3,144.59,2,779143444403,INT-0641,1,LITRO,true,true
Mega Sierra 642,318.45,159.79,4,779396302293,INT-0642,1,GRANEL,false,true
Nuevo Sierra 643,16.9,9.65,6,779304700375,INT-0643,1,GRANEL,false,true
Max Taladro 644,329.8,180.3,6,779510973510,INT-0644,1,GRANEL,false,false
Super Taladro 645,293.68,221.98,1,779356871975,INT-0645,1,LITRO,true,true
Verde Martillo 646,375.73,196.51,3,779173445437,INT-0646,1,UNIDAD,false,false
Eco Llave 647,21.81,11.86,4,779113352447,INT-0647,1,LITRO,true,true
Super Manguera 648,124.73,74.09,5,779372658770,INT-0648,1,GRANEL,false,false
Verde Arandela 649,316.9,185.15,3,779973763267,INT-0649,1,GRANEL,true,true
Negro Brocha 650,36.59,26.23,10,779697270465,INT-0650,1,UNIDAD,true,true
Negro Tornillo 651,493.29,299.27,10,779444556948,INT-0651,1,LITRO,true,false
Super Clavo 652,401.53,214.27,3,779531164249,INT-0652,1,GRANEL,false,false
Pequeño Taladro 653,101.72,70.39,8,779299792805,INT-0653,1,LITRO,true,true
Verde Arandela 654,399.43,278.15,9,779358251575,INT-0654,1,GRANEL,false,false
Usado Manguera 655,479.83,254.98,1,779952067434,INT-0655,1,GRANEL,false,false
Rojo Llave 656,197.84,145.32,7,779208199062,INT-0656,1,LITRO,true,false
Negro Lija 657,384.77,263.35,9,779581450520,INT-0657,1,UNIDAD,false,false
Pequeño Arandela 658,62.66,48.25,1,779528777227,INT-0658,1,GRANEL,false,false
Azul Brocha 659,274.49,153.15,5,779525884543,INT-0659,1,GRANEL,false,false
Ultra Cable 660,389.92,211.46,9,779848490242,INT-0660,1,UNIDAD,false,false
Ultra Brocha 661,25.27,13.14,5,779729944254,INT-0661,1,GRANEL,true,false
Verde Cinta 662,163.06,92.57,6,779378750841,INT-0662,1,LITRO,false,false
Rojo Cinta 663,453.25,362.51,7,779894210946,INT-0663,1,UNIDAD,false,false
Rojo Llave 664,477.17,381.11,9,779878476978,INT-0664,1,UNIDAD,true,true
Super Cinta 665,64.11,38.43,2,779702190417,INT-0665,1,UNIDAD,true,true
Max Tornillo 666,396.88,203.34,3,779923546501,INT-0666,1,LITRO,false,true
Azul Tornillo 667,116.27,89.16,8,779399467553,INT-0667,1,GRANEL,false,true
Blanco Llave 668,65.97,40.78,3,779725796922,INT-0668,1,UNIDAD,false,true
Rojo Manguera 669,160.35,86.29,10,779491288046,INT-0669,1,GRANEL,false,true
Usado Martillo 670,189.04,146.2,8,779913641381,INT-0670,1,LITRO,true,false
Blanco Taladro 671,346.17,220.35,9,779361111425,INT-0671,1,UNIDAD,true,true
Gran Manguera 672,175.01,115.33,8,779585226529,INT-0672,1,LITRO,true,false
Nuevo Arandela 673,458.06,365.5,2,779238974021,INT-0673,1,GRANEL,true,true
Ultra Pintura 674,245.1,160.73,4,779711861723,INT-0674,1,GRANEL,true,false
Usado Tuerca 675,25.9,14.64,8,779224064214,INT-0675,1,UNIDAD,false,true
Gran Cemento 676,333.1,243.61,6,779779359832,INT-0676,1,UNIDAD,false,true
Max Llave 677,11.83,6.51,4,779719856431,INT-0677,1,UNIDAD,true,true
Nuevo Martillo 678,160.54,114.7,6,779572790253,INT-0678,1,UNIDAD,false,false
Azul Arandela 679,469.77,235.89,8,779343644952,INT-0679,1,UNIDAD,true,false
Azul Tuerca 680,278.05,202.69,8,779752063737,INT-0680,1,GRANEL,false,false
Rojo Manguera 681,118.68,79.2,1,779731066532,INT-0681,1,GRANEL,false,false
Max Cemento 682,299.79,179.54,7,779268497387,INT-0682,1,GRANEL,false,true
Blanco Cemento 683,299.69,238.04,7,779315614583,INT-0683,1,LITRO,true,true
Negro Taladro 684,223.8,166.52,10,779378547042,INT-0684,1,UNIDAD,true,false
Ultra Clavo 685,204.9,110.3,1,779322184366,INT-0685,1,LITRO,true,false
Eco Tubo 686,435.63,344.34,1,779630425407,INT-0686,1,UNIDAD,false,true
Ultra Brocha 687,153.37,110.58,6,779661673020,INT-0687,1,GRANEL,false,true
Gran Arandela 688,427.84,225.89,10,779679443625,INT-0688,1,LITRO,true,true
Azul Manguera 689,439.87,303.38,1,779889888012,INT-0689,1,UNIDAD,true,false
Pequeño Lija 690,120.84,75.35,6,779662235639,INT-0690,1,GRANEL,true,false
Super Taladro 691,255.37,178.8,4,779126879666,INT-0691,1,UNIDAD,true,true
Mega Manguera 692,162.77,117.6,2,779718667201,INT-0692,1,GRANEL,true,false
Max Brocha 693,389.75,261.4,3,779610733389,INT-0693,1,UNIDAD,true,false
Mega Llave 694,313.96,199.1,9,779841336098,INT-0694,1,UNIDAD,true,false
Super Cinta 695,491.42,382.9,1,779660141898,INT-0695,1,LITRO,true,false
Azul Brocha 696,202.55,149.67,9,779163563213,INT-0696,1,LITRO,false,true
Negro Clavo 697,183.61,97.95,7,779367700065,INT-0697,1,UNIDAD,true,true
Negro Cemento 698,107.66,84.72,3,779716854870,INT-0698,1,UNIDAD,false,false
Usado Lija 699,118.76,76.43,5,779980985287,INT-0699,1,LITRO,true,false
Nuevo Manguera 700,153.6,86.98,10,779441335257,INT-0700,1,GRANEL,false,true
Eco Manguera 701,400.92,216.61,5,779972306855,INT-0701,1,UNIDAD,false,false
Mega Tubo 702,117.2,81.93,9,779367956813,INT-0702,1,UNIDAD,false,true
Mega Pintura 703,246.84,140.68,6,779961613017,INT-0703,1,GRANEL,true,false
Mega Llave 704,399.49,248.28,3,779614624338,INT-0704,1,GRANEL,true,false
Nuevo Manguera 705,453.27,291.07,3,779870022438,INT-0705,1,LITRO,true,false
Ultra Cinta 706,338.57,237.85,2,779891242804,INT-0706,1,LITRO,false,false
Blanco Tubo 707,132.69,93.06,3,779486243841,INT-0707,1,UNIDAD,true,true
Nuevo Cinta 708,195.89,146.97,10,779692110401,INT-0708,1,LITRO,true,false
Eco Cable 709,192.46,106.55,1,779990778193,INT-0709,1,UNIDAD,false,true
Azul Lija 710,350.28,279.51,2,779564511665,INT-0710,1,LITRO,false,true
Blanco Clavo 711,111.63,62.72,1,779335697866,INT-0711,1,LITRO,false,false
Nuevo Manguera 712,458.3,333.79,6,779421823054,INT-0712,1,UNIDAD,true,true
Gran Tuerca 713,113.13,84.2,3,779117031123,INT-0713,1,LITRO,true,true
Negro Lija 714,140.39,87.96,2,779623468265,INT-0714,1,LITRO,true,false
Verde Tuerca 715,114.28,90.65,6,779253556649,INT-0715,1,LITRO,true,false
Verde Cemento 716,215.05,133.99,7,779588543726,INT-0716,1,GRANEL,false,false
Gran Cemento 717,412.32,297.8,10,779855638955,INT-0717,1,LITRO,false,false
Azul Tubo 718,125.02,78.07,5,779850961797,INT-0718,1,LITRO,true,true
Gran Cinta 719,221.25,140.46,7,779577622484,INT-0719,1,UNIDAD,true,true
Nuevo Cinta 720,57.6,40.95,6,779320232488,INT-0720,1,UNIDAD,true,true
Max Llave 721,109.81,62.33,3,779456719762,INT-0721,1,LITRO,false,false
Max Cemento 722,165.66,127.47,9,779204901236,INT-0722,1,GRANEL,true,true
Mega Manguera 723,63.36,47.81,8,779934885568,INT-0723,1,UNIDAD,true,true
Max Pintura 724,43.0,24.14,6,779432049308,INT-0724,1,UNIDAD,false,false
Usado Sierra 725,239.71,174.48,3,779966812449,INT-0725,1,UNIDAD,false,false
Eco Tuerca 726,312.35,217.58,7,779370267078,INT-0726,1,LITRO,true,false
Azul Llave 727,366.08,278.58,9,779156707126,INT-0727,1,UNIDAD,false,false
Blanco Tuerca 728,387.24,219.61,9,779916745528,INT-0728,1,LITRO,true,true
Mega Cinta 729,461.02,251.76,10,779776800236,INT-0729,1,UNIDAD,false,false
Blanco Lija 730,148.94,109.2,10,779995900657,INT-0730,1,LITRO,false,true
Azul Lija 731,477.23,358.24,10,779547088506,INT-0731,1,GRANEL,true,false
Nuevo Cemento 732,359.41,212.32,8,779679995872,INT-0732,1,LITRO,true,false
Nuevo Cable 733,482.97,289.65,5,779670360419,INT-0733,1,UNIDAD,true,true
Rojo Brocha 734,64.53,36.18,2,779301226727,INT-0734,1,UNIDAD,true,false
Negro Taladro 735,296.05,171.4,10,779708426069,INT-0735,1,GRANEL,true,true
Nuevo Pintura 736,199.24,145.92,8,779851014566,INT-0736,1,LITRO,false,true
Verde Llave 737,458.02,344.94,4,779369596906,INT-0737,1,UNIDAD,false,true
Azul Cable 738,72.21,51.44,4,779653337900,INT-0738,1,GRANEL,false,true
Super Sierra 739,330.25,234.12,3,779470141416,INT-0739,1,GRANEL,true,true
Gran Cinta 740,325.36,181.98,3,779237348763,INT-0740,1,LITRO,false,true
Especial Lija 741,484.62,383.79,9,779339480562,INT-0741,1,LITRO,false,false
Verde Brocha 742,221.54,166.04,7,779628462438,INT-0742,1,UNIDAD,false,false
Gran Manguera 743,246.67,192.35,5,779938123043,INT-0743,1,GRANEL,false,true
Ultra Cable 744,22.52,13.86,6,779752766275,INT-0744,1,LITRO,false,true
Gran Brocha 745,57.61,42.94,5,779354391046,INT-0745,1,LITRO,false,true
Gran Pintura 746,97.7,70.26,2,779953613039,INT-0746,1,LITRO,true,true
Rojo Tuerca 747,226.31,175.97,1,779512294143,INT-0747,1,GRANEL,true,false
Pequeño Llave 748,132.92,105.2,1,779364402657,INT-0748,1,GRANEL,true,true
Max Tubo 749,117.73,67.91,7,779866326691,INT-0749,1,LITRO,false,false
Rojo Martillo 750,289.73,158.93,2,779949686536,INT-0750,1,GRANEL,true,false
Max Tuerca 751,308.67,245.75,7,779796939689,INT-0751,1,UNIDAD,false,false
Mega Manguera 752,172.98,134.59,5,779667411235,INT-0752,1,LITRO,true,true
Max Clavo 753,63.38,42.66,6,779113700263,INT-0753,1,UNIDAD,false,true
Gran Brocha 754,181.63,99.99,5,779856046098,INT-0754,1,GRANEL,true,true
Pequeño Sierra 755,359.43,281.17,10,779655334883,INT-0755,1,LITRO,true,true
Max Lija 756,135.31,70.81,4,779710962073,INT-0756,1,LITRO,false,false
Pequeño Cinta 757,407.02,241.98,6,779638129749,INT-0757,1,LITRO,false,true
Max Cable 758,108.74,70.54,6,779917836798,INT-0758,1,UNIDAD,true,true
Blanco Cemento 759,345.82,264.93,1,779524460307,INT-0759,1,UNIDAD,true,true
Usado Brocha 760,327.35,208.77,1,779445418952,INT-0760,1,GRANEL,false,true
Eco Martillo 761,297.42,172.72,3,779971219234,INT-0761,1,GRANEL,true,true
Super Brocha 762,313.33,179.5,8,779783996370,INT-0762,1,GRANEL,true,false
Mega Tuerca 763,118.48,70.44,4,779260884483,INT-0763,1,GRANEL,false,true
Super Llave 764,279.07,190.63,5,779417147272,INT-0764,1,LITRO,true,false
Gran Cemento 765,303.01,217.39,9,779647858319,INT-0765,1,UNIDAD,false,true
Rojo Brocha 766,69.7,47.87,1,779761022918,INT-0766,1,GRANEL,true,false
Especial Clavo 767,377.25,199.38,1,779485733976,INT-0767,1,UNIDAD,false,false
Verde Lija 768,393.27,272.74,1,779680570276,INT-0768,1,UNIDAD,false,true
Ultra Tornillo 769,420.66,258.07,1,779197937931,INT-0769,1,UNIDAD,false,false
Mega Manguera 770,355.92,211.84,9,779277010906,INT-0770,1,UNIDAD,true,false
Gran Tuerca 771,406.87,274.56,3,779499521643,INT-0771,1,LITRO,true,true
Negro Martillo 772,216.91,120.04,7,779743317152,INT-0772,1,GRANEL,false,false
Nuevo Cemento 773,457.14,319.38,3,779918535449,INT-0773,1,UNIDAD,false,false
Negro Cemento 774,389.39,307.25,2,779941722194,INT-0774,1,UNIDAD,true,true
Blanco Pintura 775,33.83,22.11,10,779336454153,INT-0775,1,GRANEL,true,true
Nuevo Manguera 776,134.78,79.26,9,779872839541,INT-0776,1,LITRO,false,true
Rojo Pintura 777,253.99,198.13,9,779770882060,INT-0777,1,GRANEL,true,true
Super Clavo 778,100.88,68.59,9,779881028362,INT-0778,1,LITRO,true,true
Usado Tornillo 779,403.43,309.2,1,779387819548,INT-0779,1,UNIDAD,true,false
Azul Brocha 780,460.08,349.45,9,779314394188,INT-0780,1,LITRO,true,false
Pequeño Pintura 781,62.16,40.36,6,779438309243,INT-0781,1,UNIDAD,false,false
Gran Tornillo 782,34.73,26.19,4,779758589705,INT-0782,1,UNIDAD,true,true
Gran Taladro 783,304.7,177.31,10,779841435241,INT-0783,1,GRANEL,true,true
Rojo Sierra 784,172.63,120.67,1,779437226922,INT-0784,1,UNIDAD,true,true
Gran Clavo 785,162.27,116.79,3,779883447454,INT-0785,1,LITRO,true,true
Super Tubo 786,429.73,258.17,7,779383672592,INT-0786,1,UNIDAD,false,false
Especial Arandela 787,271.2,151.45,9,779520467736,INT-0787,1,UNIDAD,true,false
Mega Cable 788,86.76,64.72,5,779258240359,INT-0788,1,UNIDAD,true,true
Ultra Sierra 789,234.62,130.77,8,779663474988,INT-0789,1,UNIDAD,true,true
Blanco Pintura 790,164.91,94.14,5,779401409552,INT-0790,1,LITRO,false,true
Especial Lija 791,316.21,204.29,6,779299476230,INT-0791,1,UNIDAD,false,false
Negro Sierra 792,21.52,12.92,8,779831717582,INT-0792,1,LITRO,false,true
Mega Sierra 793,195.49,143.82,3,779697404604,INT-0793,1,GRANEL,false,false
Especial Arandela 794,148.49,98.24,8,779298716370,INT-0794,1,UNIDAD,false,false
Gran Clavo 795,240.21,138.95,6,779209485687,INT-0795,1,GRANEL,true,false
Usado Arandela 796,86.01,48.39,10,779151022414,INT-0796,1,GRANEL,false,false
Super Cemento 797,55.53,38.33,7,779170563762,INT-0797,1,UNIDAD,true,true
Especial Martillo 798,92.96,54.49,3,779319711026,INT-0798,1,LITRO,false,false
Verde Tornillo 799,310.12,246.44,4,779134191523,INT-0799,1,UNIDAD,true,false
Especial Tuerca 800,218.25,157.14,2,779989207596,INT-0800,1,UNIDAD,false,false
Rojo Llave 801,292.84,189.0,10,779402018118,INT-0801,1,GRANEL,true,false
Ultra Llave 802,301.1,218.37,1,779787846978,INT-0802,1,UNIDAD,true,false
Super Cinta 803,39.91,26.51,8,779696919866,INT-0803,1,GRANEL,false,false
Pequeño Brocha 804,97.9,58.43,4,779612189622,INT-0804,1,UNIDAD,true,false
Blanco Clavo 805,482.85,259.41,3,779871170361,INT-0805,1,GRANEL,true,false
Verde Cable 806,267.62,213.38,5,779350328714,INT-0806,1,LITRO,true,false
Verde Taladro 807,335.95,177.36,7,779202685700,INT-0807,1,UNIDAD,false,true
Blanco Tubo 808,369.45,230.12,1,779559666222,INT-0808,1,LITRO,true,false
Eco Cinta 809,50.01,30.27,3,779572621858,INT-0809,1,UNIDAD,false,true
Ultra Sierra 810,446.3,226.19,9,779731980406,INT-0810,1,UNIDAD,false,true
Negro Brocha 811,359.14,191.09,9,779446727195,INT-0811,1,LITRO,false,true
Blanco Cable 812,282.64,171.78,1,779954435338,INT-0812,1,UNIDAD,true,true
Eco Llave 813,407.82,255.85,4,779446758290,INT-0813,1,LITRO,false,true
Verde Cemento 814,77.12,39.7,9,779669874147,INT-0814,1,LITRO,false,true
Max Sierra 815,264.22,192.58,3,779943554385,INT-0815,1,LITRO,true,false
Especial Cinta 816,73.42,45.27,1,779814591058,INT-0816,1,GRANEL,true,true
Max Taladro 817,362.85,286.6,5,779746420630,INT-0817,1,GRANEL,true,false
Pequeño Tuerca 818,39.43,25.5,4,779381217825,INT-0818,1,GRANEL,false,true
Especial Tuerca 819,355.01,267.97,3,779866606688,INT-0819,1,LITRO,true,true
Azul Tuerca 820,136.06,86.38,7,779855880608,INT-0820,1,GRANEL,true,true
Pequeño Tubo 821,333.99,207.74,4,779575855960,INT-0821,1,UNIDAD,false,true
Especial Brocha 822,343.88,180.69,6,779280957677,INT-0822,1,LITRO,true,true
Azul Clavo 823,427.82,249.77,5,779713148937,INT-0823,1,UNIDAD,true,true
Especial Cinta 824,483.27,293.76,3,779206220552,INT-0824,1,UNIDAD,false,false
Especial Cable 825,188.89,108.44,3,779734456663,INT-0825,1,GRANEL,false,true
Rojo Arandela 826,171.11,125.09,5,779714564283,INT-0826,1,UNIDAD,false,true
Super Brocha 827,115.7,78.18,6,779139256066,INT-0827,1,GRANEL,true,true
Gran Taladro 828,324.2,177.96,4,779221820342,INT-0828,1,LITRO,true,false
Negro Cable 829,22.27,14.54,3,779421297567,INT-0829,1,GRANEL,false,false
Negro Tuerca 830,349.83,219.29,1,779208218739,INT-0830,1,GRANEL,true,false
Gran Tornillo 831,240.64,181.27,8,779327434323,INT-0831,1,GRANEL,false,false
Max Pintura 832,475.9,265.68,6,779855367955,INT-0832,1,UNIDAD,false,true
Ultra Tubo 833,294.15,196.31,4,779516065473,INT-0833,1,UNIDAD,false,true
Especial Pintura 834,188.37,114.43,6,779936311867,INT-0834,1,GRANEL,false,false
Nuevo Cable 835,342.78,212.45,3,779713641308,INT-0835,1,LITRO,false,false
Blanco Tornillo 836,112.67,73.48,4,779750373481,INT-0836,1,GRANEL,true,false
Usado Sierra 837,468.1,241.19,8,779946192646,INT-0837,1,UNIDAD,true,false
Mega Cable 838,418.4,297.11,6,779909213253,INT-0838,1,UNIDAD,false,false
Negro Tubo 839,20.23,15.86,9,779345529066,INT-0839,1,UNIDAD,false,false
Max Martillo 840,300.6,168.76,7,779276264198,INT-0840,1,GRANEL,true,false
Super Tubo 841,291.46,206.16,4,779219573402,INT-0841,1,LITRO,false,false
Pequeño Taladro 842,29.39,15.86,1,779802706680,INT-0842,1,LITRO,false,false
Gran Cemento 843,154.95,97.97,9,779166311510,INT-0843,1,GRANEL,true,true
Verde Llave 844,336.14,196.73,9,779504179917,INT-0844,1,GRANEL,false,false
Eco Cemento 845,482.65,353.13,5,779649489495,INT-0845,1,UNIDAD,true,false
Usado Taladro 846,290.76,181.95,7,779455847414,INT-0846,1,UNIDAD,true,false
Blanco Pintura 847,302.26,232.13,10,779866450413,INT-0847,1,LITRO,false,true
Negro Cinta 848,63.85,35.17,1,779601996726,INT-0848,1,UNIDAD,false,false
Usado Martillo 849,222.52,154.53,9,779405847920,INT-0849,1,GRANEL,false,false
Nuevo Cemento 850,306.96,166.72,1,779939893289,INT-0850,1,LITRO,false,true
Max Arandela 851,35.81,23.41,4,779767205966,INT-0851,1,LITRO,false,true
Blanco Brocha 852,300.72,212.14,5,779361035165,INT-0852,1,LITRO,false,true
Super Sierra 853,27.34,17.92,9,779514756724,INT-0853,1,UNIDAD,true,false
Eco Cable 854,83.28,49.63,5,779152165734,INT-0854,1,GRANEL,false,false
Max Taladro 855,376.37,299.07,9,779581454961,INT-0855,1,LITRO,false,true
Eco Manguera 856,66.06,46.57,2,779186005160,INT-0856,1,LITRO,true,true
Pequeño Taladro 857,85.94,48.19,2,779319793604,INT-0857,1,GRANEL,false,false
Rojo Clavo 858,220.97,137.99,3,779221141856,INT-0858,1,LITRO,true,true
Mega Cemento 859,164.87,121.87,9,779613825676,INT-0859,1,UNIDAD,false,true
Super Cinta 860,223.33,168.74,5,779984646718,INT-0860,1,GRANEL,false,true
Rojo Llave 861,291.55,194.83,10,779436629751,INT-0861,1,LITRO,true,false
Verde Cable 862,117.77,83.33,2,779254075065,INT-0862,1,GRANEL,false,false
Ultra Cemento 863,291.65,190.37,8,779628840577,INT-0863,1,UNIDAD,false,false
Verde Cemento 864,176.91,114.48,9,779847128877,INT-0864,1,UNIDAD,true,false
Ultra Cemento 865,478.19,244.34,9,779929997263,INT-0865,1,LITRO,false,false
Nuevo Brocha 866,482.47,344.46,10,779846877798,INT-0866,1,LITRO,true,true
Super Cable 867,54.32,38.98,9,779131417877,INT-0867,1,LITRO,false,false
Eco Cemento 868,40.14,24.57,1,779959522199,INT-0868,1,LITRO,false,false
Pequeño Manguera 869,54.05,39.62,6,779620008569,INT-0869,1,UNIDAD,false,false
Negro Clavo 870,105.88,74.51,1,779569479662,INT-0870,1,GRANEL,true,false
Super Clavo 871,20.91,11.57,9,779471126531,INT-0871,1,GRANEL,true,false
Ultra Cinta 872,269.38,211.87,7,779610234778,INT-0872,1,GRANEL,false,true
Azul Pintura 873,491.77,245.93,10,779120991917,INT-0873,1,LITRO,false,false
Usado Pintura 874,91.43,47.07,7,779530896315,INT-0874,1,GRANEL,false,true
Pequeño Tornillo 875,314.35,209.57,8,779602753829,INT-0875,1,GRANEL,false,true
Pequeño Cemento 876,317.68,193.12,10,779354170217,INT-0876,1,GRANEL,true,true
Max Tubo 877,39.87,25.54,1,779280592395,INT-0877,1,UNIDAD,false,false
Especial Tubo 878,49.8,28.82,4,779946820908,INT-0878,1,GRANEL,false,true
Blanco Manguera 879,138.92,87.62,6,779328693476,INT-0879,1,LITRO,true,true
Super Clavo 880,34.38,17.36,3,779838397376,INT-0880,1,GRANEL,true,true
Mega Tubo 881,29.37,19.46,7,779644939449,INT-0881,1,LITRO,true,true
Rojo Tubo 882,146.28,95.07,3,779749297497,INT-0882,1,LITRO,true,false
Blanco Llave 883,233.16,126.59,2,779182707193,INT-0883,1,LITRO,false,false
Gran Cemento 884,254.15,175.7,10,779606507296,INT-0884,1,UNIDAD,false,false
Azul Brocha 885,262.32,170.74,7,779392790842,INT-0885,1,LITRO,true,false
Nuevo Tubo 886,469.37,262.96,10,779771662098,INT-0886,1,LITRO,true,false
Super Llave 887,88.48,69.48,2,779368184834,INT-0887,1,UNIDAD,false,true
Eco Tubo 888,402.89,236.35,5,779508734685,INT-0888,1,GRANEL,true,true
Azul Lija 889,93.18,49.22,6,779653173181,INT-0889,1,LITRO,false,false
Pequeño Martillo 890,26.29,19.85,7,779293709352,INT-0890,1,UNIDAD,true,true
Mega Arandela 891,235.52,163.1,5,779126373690,INT-0891,1,GRANEL,true,false
Negro Sierra 892,299.63,223.08,10,779676697171,INT-0892,1,LITRO,true,false
Rojo Manguera 893,227.05,131.38,7,779522255859,INT-0893,1,UNIDAD,false,true
Verde Lija 894,122.71,87.73,1,779427178096,INT-0894,1,UNIDAD,false,false
Verde Martillo 895,54.58,41.94,5,779724382886,INT-0895,1,UNIDAD,true,true
Mega Brocha 896,232.93,157.58,6,779929529795,INT-0896,1,UNIDAD,false,true
Mega Brocha 897,393.0,311.81,8,779370533143,INT-0897,1,GRANEL,false,false
Max Cemento 898,207.36,148.23,9,779521534392,INT-0898,1,GRANEL,false,false
Especial Tubo 899,277.16,206.31,9,779617637407,INT-0899,1,LITRO,true,true
Pequeño Cable 900,464.43,324.79,8,779910617793,INT-0900,1,LITRO,true,true
Gran Martillo 901,368.81,288.75,2,779944303247,INT-0901,1,LITRO,false,false
Max Tuerca 902,64.23,42.8,10,779477239543,INT-0902,1,GRANEL,true,true
Negro Pintura 903,22.2,11.26,10,779416528789,INT-0903,1,UNIDAD,true,true
Verde Clavo 904,232.84,178.21,3,779189336658,INT-0904,1,LITRO,false,false
Eco Clavo 905,275.06,215.52,6,779431421099,INT-0905,1,LITRO,false,true
Eco Cable 906,152.34,117.82,4,779368029819,INT-0906,1,LITRO,true,true
Ultra Arandela 907,366.68,291.83,1,779615791603,INT-0907,1,GRANEL,true,false
Gran Taladro 908,190.59,124.79,10,779399001069,INT-0908,1,UNIDAD,true,false
Negro Manguera 909,407.59,290.21,8,779275728474,INT-0909,1,GRANEL,true,true
Max Cemento 910,42.65,28.42,1,779949924715,INT-0910,1,UNIDAD,true,false
Eco Sierra 911,491.22,331.57,8,779607148739,INT-0911,1,UNIDAD,false,true
Blanco Cemento 912,173.49,120.71,3,779634548690,INT-0912,1,UNIDAD,true,true
Ultra Martillo 913,359.77,227.13,1,779217958751,INT-0913,1,GRANEL,true,false
Gran Cemento 914,412.23,214.3,3,779427708031,INT-0914,1,LITRO,false,false
Eco Manguera 915,67.44,47.54,7,779901416730,INT-0915,1,UNIDAD,true,false
Usado Martillo 916,234.14,170.48,5,779674532843,INT-0916,1,GRANEL,true,true
Eco Brocha 917,33.43,20.53,10,779443028117,INT-0917,1,LITRO,false,true
Verde Llave 918,39.0,20.91,3,779666704249,INT-0918,1,UNIDAD,true,false
Azul Cinta 919,139.32,72.21,9,779325357563,INT-0919,1,UNIDAD,true,false
Eco Tubo 920,305.12,154.87,5,779377235764,INT-0920,1,LITRO,true,false
Blanco Tornillo 921,173.13,126.0,8,779467302358,INT-0921,1,UNIDAD,false,false
Rojo Arandela 922,22.37,12.88,7,779382247564,INT-0922,1,UNIDAD,false,true
Especial Sierra 923,457.35,292.71,6,779632306933,INT-0923,1,UNIDAD,true,true
Blanco Tubo 924,32.46,19.4,3,779574264862,INT-0924,1,GRANEL,false,true
Pequeño Tubo 925,301.17,229.4,6,779389636536,INT-0925,1,UNIDAD,false,true
Gran Pintura 926,404.53,254.54,2,779196376068,INT-0926,1,GRANEL,false,false
Rojo Martillo 927,86.82,66.5,3,779105402199,INT-0927,1,LITRO,false,true
Nuevo Cable 928,93.18,72.1,6,779641124856,INT-0928,1,UNIDAD,true,false
Ultra Cemento 929,415.45,292.42,4,779875578678,INT-0929,1,LITRO,false,true
Pequeño Tornillo 930,449.58,295.46,9,779420431535,INT-0930,1,UNIDAD,true,false
Gran Taladro 931,289.07,159.15,7,779803496675,INT-0931,1,UNIDAD,true,false
Negro Cable 932,453.33,322.99,5,779111558968,INT-0932,1,GRANEL,true,true
Negro Cable 933,418.5,218.41,5,779705229735,INT-0933,1,UNIDAD,true,true
Especial Taladro 934,412.02,270.28,8,779345263957,INT-0934,1,GRANEL,true,true
Verde Pintura 935,343.93,220.29,7,779483069252,INT-0935,1,GRANEL,true,true
Nuevo Tuerca 936,49.26,34.9,10,779805759593,INT-0936,1,GRANEL,true,true
Blanco Sierra 937,322.26,244.18,3,779246254867,INT-0937,1,LITRO,true,true
Negro Cinta 938,257.56,192.08,3,779927241754,INT-0938,1,UNIDAD,false,false
Rojo Tornillo 939,351.42,197.51,7,779866243841,INT-0939,1,GRANEL,false,true
Max Clavo 940,67.86,52.9,7,779167592041,INT-0940,1,LITRO,true,false
Rojo Arandela 941,143.02,86.09,3,779581815769,INT-0941,1,UNIDAD,true,true
Blanco Tornillo 942,82.37,45.68,4,779979468458,INT-0942,1,GRANEL,true,false
Negro Clavo 943,468.84,256.14,1,779222617819,INT-0943,1,LITRO,true,true
Usado Martillo 944,75.26,45.72,8,779273328982,INT-0944,1,LITRO,false,true
Especial Llave 945,214.04,157.77,5,779281409843,INT-0945,1,UNIDAD,false,true
Max Clavo 946,259.61,190.65,2,779666820396,INT-0946,1,LITRO,false,false
Nuevo Pintura 947,450.17,326.17,10,779943867282,INT-0947,1,GRANEL,false,false
Ultra Llave 948,441.98,320.86,10,779100676341,INT-0948,1,UNIDAD,false,true
Nuevo Cable 949,122.92,62.8,4,779703055864,INT-0949,1,GRANEL,true,false
Verde Martillo 950,258.94,142.77,7,779693450664,INT-0950,1,GRANEL,true,true
Verde Cable 951,279.1,157.91,6,779580243256,INT-0951,1,GRANEL,true,true
Blanco Tubo 952,325.37,247.68,10,779638030146,INT-0952,1,LITRO,false,false
Nuevo Martillo 953,199.26,108.19,3,779491780478,INT-0953,1,UNIDAD,false,false
Super Martillo 954,149.09,113.51,3,779953261346,INT-0954,1,GRANEL,true,true
Blanco Taladro 955,308.62,239.7,1,779225284124,INT-0955,1,UNIDAD,true,true
Ultra Cable 956,498.44,272.75,3,779971913257,INT-0956,1,UNIDAD,true,true
Gran Cemento 957,346.09,227.14,9,779299170610,INT-0957,1,UNIDAD,false,true
Eco Cable 958,318.94,248.44,4,779708816367,INT-0958,1,UNIDAD,false,true
Negro Pintura 959,403.57,294.66,4,779586672369,INT-0959,1,GRANEL,true,true
Max Martillo 960,197.07,101.02,4,779673699655,INT-0960,1,GRANEL,true,false
Negro Cable 961,353.81,240.45,2,779749472310,INT-0961,1,GRANEL,true,true
Negro Sierra 962,27.86,21.52,5,779363027541,INT-0962,1,LITRO,false,false
Pequeño Clavo 963,468.75,257.58,5,779175994994,INT-0963,1,LITRO,true,false
Rojo Martillo 964,491.62,376.23,3,779362832813,INT-0964,1,UNIDAD,true,false
Mega Martillo 965,143.49,78.16,4,779533030627,INT-0965,1,UNIDAD,false,false
Usado Tuerca 966,314.78,248.14,10,779666159210,INT-0966,1,GRANEL,true,false
Azul Arandela 967,370.13,290.2,1,779941854412,INT-0967,1,LITRO,false,true
Eco Tuerca 968,479.61,346.91,4,779524007547,INT-0968,1,GRANEL,true,true
Pequeño Martillo 969,298.61,209.73,2,779125438772,INT-0969,1,UNIDAD,false,true
Especial Martillo 970,118.08,92.76,10,779595732011,INT-0970,1,GRANEL,false,true
Rojo Lija 971,284.82,163.17,3,779610573956,INT-0971,1,LITRO,true,true
Gran Martillo 972,166.88,122.63,8,779625296772,INT-0972,1,LITRO,false,true
Super Brocha 973,110.84,61.24,8,779770718100,INT-0973,1,LITRO,true,false
Pequeño Cemento 974,340.9,252.35,4,779227241402,INT-0974,1,LITRO,false,true
Negro Lija 975,95.92,58.35,6,779283176528,INT-0975,1,UNIDAD,true,false
Eco Tuerca 976,289.43,150.12,2,779600783102,INT-0976,1,UNIDAD,true,false
Blanco Lija 977,25.23,14.61,6,779168928515,INT-0977,1,UNIDAD,false,false
Ultra Tuerca 978,15.54,10.51,2,779325349523,INT-0978,1,GRANEL,false,false
Usado Brocha 979,492.98,311.73,6,779677246756,INT-0979,1,UNIDAD,true,false
Mega Cable 980,188.5,136.43,2,779448682587,INT-0980,1,GRANEL,true,true
Super Llave 981,169.58,93.34,7,779587734917,INT-0981,1,UNIDAD,true,false
Pequeño Llave 982,110.98,64.17,10,779195551192,INT-0982,1,UNIDAD,true,true
Nuevo Clavo 983,270.09,171.47,6,779937546805,INT-0983,1,UNIDAD,false,true
Mega Sierra 984,196.71,147.98,6,779737248639,INT-0984,1,LITRO,false,false
Gran Tornillo 985,216.34,146.97,2,779410309757,INT-0985,1,UNIDAD,false,true
Ultra Tornillo 986,375.24,225.09,8,779208769072,INT-0986,1,GRANEL,true,true
Especial Taladro 987,54.09,39.92,5,779113488166,INT-0987,1,GRANEL,false,false
Usado Tornillo 988,460.36,238.11,2,779366376956,INT-0988,1,LITRO,false,true
Max Tubo 989,167.42,84.29,3,779595450885,INT-0989,1,LITRO,true,true
Usado Cinta 990,182.49,101.41,4,779916746152,INT-0990,1,LITRO,true,true
Mega Llave 991,40.28,28.02,1,779883941048,INT-0991,1,GRANEL,true,true
Negro Tuerca 992,232.43,117.51,3,779882645336,INT-0992,1,GRANEL,false,false
Negro Tornillo 993,82.9,46.64,5,779778033182,INT-0993,1,UNIDAD,true,false
Negro Cinta 994,406.53,319.15,4,779527229058,INT-0994,1,GRANEL,true,false
Ultra Taladro 995,57.48,39.42,5,779966737907,INT-0995,1,UNIDAD,false,false
Usado Tornillo 996,175.36,111.26,3,779244689934,INT-0996,1,LITRO,true,false
Ultra Tuerca 997,165.48,120.65,5,779325427507,INT-0997,1,UNIDAD,false,false
Blanco Llave 998,35.23,26.17,10,779240362004,INT-0998,1,GRANEL,false,true
Max Pintura 999,400.07,262.35,3,779612151605,INT-0999,1,LITRO,false,false
Negro Lija 1000,78.72,44.05,8,779541325617,INT-1000,1,LITRO,false,true
